type,id,lat,lon,timestamp,version,changeset,user,uid,tags/brand,tags/brand:en,tags/brand:ja,tags/brand:wikidata,tags/brand:wikipedia,tags/name,tags/name:en,tags/name:ja,tags/shop,tags/level,tags/name:ko,tags/opening_hours,tags/source,tags/website,tags/wheelchair,tags/name:ja_rm,tags/official_name:en,tags/wheelchair:description,tags/branch,tags/branch:en,tags/name:zh,tags/phone,tags/wikidata,tags/wikipedia,tags/atm,tags/check_date,tags/name:es,tags/name:pt,tags/name:vi,tags/short_name,tags/short_name:en,tags/short_name:ja,tags/male,tags/operator,tags/payment:cash,tags/payment:contactless,tags/payment:credit_cards,tags/name:ja-Latn,tags/toilets:wheelchair,tags/addr:city,tags/addr:housenumber,tags/addr:neighbourhood,tags/addr:block_number,tags/addr:country,tags/addr:housename,tags/addr:postcode,tags/addr:province,tags/addr:suburb,tags/shop:anime,tags/shop:game,tags/shop:tcg,tags/amenity,tags/name:fr,tags/air_conditioning,tags/currency:JPY,tags/payment:mastercard,tags/payment:visa,tags/clothes,tags/sport,tags/official_name,tags/location,tags/second_hand,tags/cuisine,tags/payment:mastercard_contactless,tags/twitter,tags/addr:room,tags/shop:books,tags/shop:comic_goods,tags/shop:doujinshi,tags/shop:figurines,tags/shop:games,tags/shop:manga,tags/shop:music,tags/shop:videos,tags/toilets,tags/anime:gift,tags/anime:manga,tags/addr:place,tags/contact:phone,tags/contact:website,tags/level:ref,tags/official_name:fr,tags/official_name:ja-Latn,tags/alt_name,tags/addr:street,tags/drink:juice,tags/payment:coins,tags/payment:icoca,tags/payment:notes,tags/takeaway,tags/wikimedia_commons,tags/branch:ja,tags/name:ja-Hira,tags/payment:visa_debit,tags/female,tags/self_checkout,tags/mobile,tags/addr:full,tags/addr:full:en,tags/contact:instagram,tags/contact:line,tags/note,tags/start_date,nodes/0,nodes/1,nodes/2,nodes/3,nodes/4,tags/building,nodes/5,nodes/6,nodes/7,nodes/8,nodes/9,nodes/10,nodes/11,nodes/12,nodes/13,nodes/14,nodes/15,nodes/16,nodes/17,nodes/18,nodes/19,nodes/20,nodes/21,nodes/22,nodes/23,nodes/24,nodes/25,nodes/26,nodes/27,nodes/28,nodes/29,nodes/30,tags/building:levels,tags/building:part,nodes/31,tags/layer,nodes/32,nodes/33,nodes/34,nodes/35,nodes/36,nodes/37,nodes/38,nodes/39,nodes/40,nodes/41,nodes/42,nodes/43,nodes/44,nodes/45,nodes/46,nodes/47,nodes/48,nodes/49,tags/addr:quarter
node,1717348091,34.6993474,135.4953114,2021-06-29T17:53:20Z,4,107163569,Yuxian,10084645,大黒屋,Daikokuya,大黒屋,Q11442068,ja:大黒屋 (チケット),大黒屋,Daikokuya,大黒屋,pawnbroker,,,,,,,,,,,,,,,,,,,,,,,,,,,,,,,,,,,,,,,,,,,,,,,,,,,,,,,,,,,,,,,,,,,,,,,,,,,,,,,,,,,,,,,,,,,,,,,,,,,,,,,,,,,,,,,,,,,,,,,,,,,,,,,,,,,,,,,,,,,,,,,,,,,,,
node,1734162900,34.7009952,135.4987,2025-05-27T13:36:48Z,7,166827752,Rakkka,4954428,,,,,,梅田ロフト,Umeda Loft,,variety_store,5,우메다 로프트,Mo-Su 10:00-20:00,Knowledge,http://loft.co.jp,yes,,,,,,,,,,,,,,,,,,,,,,,,,,,,,,,,,,,,,,,,,,,,,,,,,,,,,,,,,,,,,,,,,,,,,,,,,,,,,,,,,,,,,,,,,,,,,,,,,,,,,,,,,,,,,,,,,,,,,,,,,,,,,,,,,,,,,,,,,,,,,,,
node,1740967141,34.7038986,135.5011833,2023-07-26T22:13:13Z,14,139059951,unnerving_duck,19392124,7-ELEVEN,7-ELEVEN,セブン-イレブン,Q259340,en:7-Eleven,セブン-イレブン,7-Eleven,セブン-イレブン,convenience,,세븐일레븐,,Knowledge,,no,Sebun Irebun,Seven-Eleven,段差あり,,,,,,,,,,,,,,,,,,,,,,,,,,,,,,,,,,,,,,,,,,,,,,,,,,,,,,,,,,,,,,,,,,,,,,,,,,,,,,,,,,,,,,,,,,,,,,,,,,,,,,,,,,,,,,,,,,,,,,,,,,,,,,,,,,,,,,,,,,,,
node,1740969658,34.7019921,135.4967271,2025-01-26T12:04:01Z,14,161777347,setokynet,21931672,大丸,,,,,大丸,Daimaru,大丸,department_store,-2;-1;1;2;3;4;5;6;7;8;9;10;11;12;13;14;15,,Mo-Th 10:00-20:30; Fr-Sa 10:00-21:00; Su 10:00-20:30,,https://www.daimaru.co.jp/umedamise/,limited,Daimaru,,,梅田店,Umeda,大丸百货,+81 6 6343 1231,Q3012112,ja:大丸,,,,,,,,,,,,,,,,,,,,,,,,,,,,,,,,,,,,,,,,,,,,,,,,,,,,,,,,,,,,,,,,,,,,,,,,,,,,,,,,,,,,,,,,,,,,,,,,,,,,,,,,,,,,,,,,,,,,,,,,,,,,,,,,,,,,,,
node,1740972028,34.6986323,135.4959119,2025-05-19T01:42:33Z,6,166453311,CR86,1879503,LAWSON,LAWSON,ローソン,Q1557223,ja:ローソン,ローソン,Lawson,ローソン,convenience,,로손,,Knowledge,,,Rōson,,,,,,,,,,,,,,,,,,,,,,,,,,,,,,,,,,,,,,,,,,,,,,,,,,,,,,,,,,,,,,,,,,,,,,,,,,,,,,,,,,,,,,,,,,,,,,,,,,,,,,,,,,,,,,,,,,,,,,,,,,,,,,,,,,,,,,,,,,,,,,
node,1740972029,34.6996832,135.4992725,2025-05-19T01:42:33Z,6,166453311,CR86,1879503,FamilyMart,FamilyMart,ファミリーマート,Q11247682,en:FamilyMart,ファミリーマート,FamilyMart,ファミリーマート,convenience,-2,,Mo-Su 07:00-23:00,Knowledge,,,Famirī Mato,,,大阪駅前第四ビル店,,,,,,yes,,,,,,,,,,,,,,,,,,,,,,,,,,,,,,,,,,,,,,,,,,,,,,,,,,,,,,,,,,,,,,,,,,,,,,,,,,,,,,,,,,,,,,,,,,,,,,,,,,,,,,,,,,,,,,,,,,,,,,,,,,,,,,,,,,,,,
node,1740977943,34.6992841,135.4954113,2025-05-19T01:42:33Z,7,166453311,CR86,1879503,FamilyMart,FamilyMart,ファミリーマート,Q11247682,en:FamilyMart,ファミリーマート,FamilyMart,ファミリーマート,convenience,,,24/7,survey,,yes,Famirī Mato,,,西梅田店,,,,,,,,,,,,,,,,,,,,,,,,,,,,,,,,,,,,,,,,,,,,,,,,,,,,,,,,,,,,,,,,,,,,,,,,,,,,,,,,,,,,,,,,,,,,,,,,,,,,,,,,,,,,,,,,,,,,,,,,,,,,,,,,,,,,,,,,,,,
node,1740977945,34.6987902,135.49515,2025-05-19T01:42:33Z,4,166453311,CR86,1879503,FamilyMart,FamilyMart,ファミリーマート,Q11247682,en:FamilyMart,ファミリーマート,FamilyMart,ファミリーマート,convenience,,,,Knowledge,,,Famirī Mato,,,,,,,,,,,,,,,,,,,,,,,,,,,,,,,,,,,,,,,,,,,,,,,,,,,,,,,,,,,,,,,,,,,,,,,,,,,,,,,,,,,,,,,,,,,,,,,,,,,,,,,,,,,,,,,,,,,,,,,,,,,,,,,,,,,,,,,,,,,,,,
node,1741177026,34.6984379,135.5013445,2025-05-19T01:42:33Z,5,166453311,CR86,1879503,FamilyMart,FamilyMart,ファミリーマート,Q11247682,en:FamilyMart,ファミリーマート,FamilyMart,ファミリーマート,convenience,,,,Survey,,,Famirī Mato,,,,,,,,,,,,,,,,,,,,,,,,,,,,,,,,,,,,,,,,,,,,,,,,,,,,,,,,,,,,,,,,,,,,,,,,,,,,,,,,,,,,,,,,,,,,,,,,,,,,,,,,,,,,,,,,,,,,,,,,,,,,,,,,,,,,,,,,,,,,,,
node,1800200166,34.6980611,135.4977007,2025-05-19T01:42:33Z,7,166453311,CR86,1879503,FamilyMart,FamilyMart,ファミリーマート,Q11247682,en:FamilyMart,ファミリーマート,FamilyMart,ファミリーマート,convenience,,,,"Bing,2008-03",,,Famirī Mato,,,,,,,,,,,,,,,,,,,,,,,,,,,,,,,,,,,,,,,,,,,,,,,,,,,,,,,,,,,,,,,,,,,,,,,,,,,,,,,,,,,,,,,,,,,,,,,,,,,,,,,,,,,,,,,,,,,,,,,,,,,,,,,,,,,,,,,,,,,,,,
node,1906149518,34.7039829,135.50197,2025-05-19T01:42:33Z,5,166453311,CR86,1879503,FamilyMart,FamilyMart,ファミリーマート,Q11247682,en:FamilyMart,ファミリーマート,FamilyMart,ファミリーマート,convenience,,,24/7,Knowledge,,,Famirī Mato,,,,,,,,,,,,,,,,,,,,,,,,,,,,,,,,,,,,,,,,,,,,,,,,,,,,,,,,,,,,,,,,,,,,,,,,,,,,,,,,,,,,,,,,,,,,,,,,,,,,,,,,,,,,,,,,,,,,,,,,,,,,,,,,,,,,,,,,,,,,,,
node,1915020686,34.6995054,135.5008641,2023-09-19T08:52:17Z,5,141458037,K_Sakanoshita,389520,Daily YAMAZAKI,Daily YAMAZAKI,デイリーヤマザキ,Q5209392,en:Daily Yamazaki,デイリーヤマザキ,Daily Yamazaki,デイリーヤマザキ,convenience,0,,,Knowledge,,,,,,,,,,,,,2023-09-19,,,,,,,,,,,,,,,,,,,,,,,,,,,,,,,,,,,,,,,,,,,,,,,,,,,,,,,,,,,,,,,,,,,,,,,,,,,,,,,,,,,,,,,,,,,,,,,,,,,,,,,,,,,,,,,,,,,,,,,,,,,,,,,,,,,,
node,1915021503,34.6996683,135.5003977,2024-10-28T10:19:10Z,5,158448608,K_Sakanoshita,389520,LAWSON,LAWSON,ローソン,Q1557223,,ローソン,Lawson,ローソン,convenience,,,24/7,,,,,,,,,,,,,,2024-10-28,,,,,,,,,,,,,,,,,,,,,,,,,,,,,,,,,,,,,,,,,,,,,,,,,,,,,,,,,,,,,,,,,,,,,,,,,,,,,,,,,,,,,,,,,,,,,,,,,,,,,,,,,,,,,,,,,,,,,,,,,,,,,,,,,,,,
node,1915021507,34.6988573,135.5016848,2025-01-16T08:19:39Z,6,161407651,setokynet,21931672,LAWSON,LAWSON,ローソン,Q1557223,ja:ローソン,ローソン,Lawson,ローソン,convenience,,로손,24/7,Knowledge,,,,,,曽根崎二丁目,,,,,,,,,,,,,,,,,,,,,,,,,,,,,,,,,,,,,,,,,,,,,,,,,,,,,,,,,,,,,,,,,,,,,,,,,,,,,,,,,,,,,,,,,,,,,,,,,,,,,,,,,,,,,,,,,,,,,,,,,,,,,,,,,,,,,,,,,,,
node,1976144451,34.6981186,135.4966391,2025-05-19T01:42:33Z,5,166453311,CR86,1879503,FamilyMart,FamilyMart,ファミリーマート,Q11247682,en:FamilyMart,ファミリーマート,FamilyMart,ファミリーマート,convenience,,,24/7,"Bing,2008-03",,,Famirī Mato,,,,,,,,,,,,,,,,,,,,,,,,,,,,,,,,,,,,,,,,,,,,,,,,,,,,,,,,,,,,,,,,,,,,,,,,,,,,,,,,,,,,,,,,,,,,,,,,,,,,,,,,,,,,,,,,,,,,,,,,,,,,,,,,,,,,,,,,,,,,,,
node,2088085392,34.7033498,135.5010109,2025-02-26T12:32:28Z,8,162969762,Obanazawa Kuri,17453820,ドン・キホーテ,Don Quijote,ドン・キホーテ,Q1185381,,ドン・キホーテ,Don Quijote,ドン・キホーテ,variety_store,0;1;2,,,,,yes,,,車椅子用トイレあり,梅田本店,,,+81 570-046-411,,,,,Don Quijote,Don Quixote,trung tâm thương mại đôn ki hô tê,ドンキ,Donki,ドンキ,,,,,,,,,,,,,,,,,,,,,,,,,,,,,,,,,,,,,,,,,,,,,,,,,,,,,,,,,,,,,,,,,,,,,,,,,,,,,,,,,,,,,,,,,,,,,,,,,,,,,,,,,,,,,,,,,,,,,,,,,,,,,,
node,2314355694,34.6985437,135.4984956,2025-05-19T01:42:33Z,6,166453311,CR86,1879503,FamilyMart,FamilyMart,ファミリーマート,Q11247682,en:FamilyMart,ファミリーマート,FamilyMart,ファミリーマート,convenience,0,,24/7,,,,Famirī Mato,,,,,,,,,,,,,,,,,,,,,,,,,,,,,,,,,,,,,,,,,,,,,,,,,,,,,,,,,,,,,,,,,,,,,,,,,,,,,,,,,,,,,,,,,,,,,,,,,,,,,,,,,,,,,,,,,,,,,,,,,,,,,,,,,,,,,,,,,,,,,,
node,2330456391,34.7029514,135.5004283,2023-12-04T14:43:45Z,6,144758185,okadatsuneo,10163840,Y!mobile,Y!mobile,ワイモバイル,Q18455742,ja:ワイモバイル,ワイモバイル,Y!mobile,ワイモバイル,mobile_phone,0,,,,,,,,,,,,,,,,,,,,,,,,,,,,,,,,,,,,,,,,,,,,,,,,,,,,,,,,,,,,,,,,,,,,,,,,,,,,,,,,,,,,,,,,,,,,,,,,,,,,,,,,,,,,,,,,,,,,,,,,,,,,,,,,,,,,,,,,,,,,,,,,,,,,
node,2330462639,34.703363,135.501502,2023-12-05T08:01:48Z,2,144781359,okadatsuneo,10163840,,,,,,男流散髪屋,,,hairdresser,,,,,,,,,,,,,,,,,2023-12-01,,,,,,,yes,,,,,,,,,,,,,,,,,,,,,,,,,,,,,,,,,,,,,,,,,,,,,,,,,,,,,,,,,,,,,,,,,,,,,,,,,,,,,,,,,,,,,,,,,,,,,,,,,,,,,,,,,,,,,,,,,,,,,,,,,,,,,
node,2448097461,34.6991635,135.4995473,2020-07-25T02:09:58Z,3,88481372,fuk,550066,ドコモショップ,DoCoMo Shop,ドコモショップ,Q853958,ja:NTTドコモ,ドコモショップ,DoCoMo Shop,ドコモショップ,mobile_phone,0,,,Bing; survey,,,,,,,,,,,,,,,,,,,,,,,,,,,,,,,,,,,,,,,,,,,,,,,,,,,,,,,,,,,,,,,,,,,,,,,,,,,,,,,,,,,,,,,,,,,,,,,,,,,,,,,,,,,,,,,,,,,,,,,,,,,,,,,,,,,,,,,,,,,,,,,,,
node,2808846191,34.7027827,135.4947318,2025-06-15T06:41:36Z,3,167637700,しげ坊,8455290,,,,,,大阪バスチケットセンター,Highway Bus Ticket Center,,ticket,,,,,,,,,,,,,,,,,,,,,,,,,西日本ジェイアールバス,yes,yes,yes,,,,,,,,,,,,,,,,,,,,,,,,,,,,,,,,,,,,,,,,,,,,,,,,,,,,,,,,,,,,,,,,,,,,,,,,,,,,,,,,,,,,,,,,,,,,,,,,,,,,,,,,,,,,,,,,,,,,,,,,,
node,3254686661,34.6980157,135.4945499,2025-05-19T01:42:33Z,10,166453311,CR86,1879503,7-ELEVEN,7-ELEVEN,セブン-イレブン,Q259340,en:7-Eleven,セブン-イレブン,7-Eleven,セブン-イレブン,convenience,,세븐일레븐,24/7,,,no,,Seven-Eleven,,,,,,,,,,,,,,,,,,,,,Sebun Irebun,no,,,,,,,,,,,,,,,,,,,,,,,,,,,,,,,,,,,,,,,,,,,,,,,,,,,,,,,,,,,,,,,,,,,,,,,,,,,,,,,,,,,,,,,,,,,,,,,,,,,,,,,,,,,,,,,,,,,,,,,
node,3668364122,34.7006974,135.4983488,2023-07-23T08:33:02Z,5,138883364,okadatsuneo,10163840,,,,,,MHL.,,,clothes,,,,,,,,,,,,,,,,,,,,,,,,,,,,,,,大阪市,12-6,梅田一丁目,,,,,,,,,,,,,,,,,,,,,,,,,,,,,,,,,,,,,,,,,,,,,,,,,,,,,,,,,,,,,,,,,,,,,,,,,,,,,,,,,,,,,,,,,,,,,,,,,,,,,,,,,,,,,,,,,,,,
node,3708753163,34.6992254,135.5017065,2023-10-30T06:19:58Z,4,143345573,b-jazz-bot,9451067,,,,,,ウエムラサイクルパーツ,Uemura Cycle Parts,,bicycle,,,Mo-Sa 11:00-20:30; Su 11:00-20:00,Bing; survey,https://uemura-cycle.com/,,,,,,,,+81 6-7711-4402,,,,,,,,,,,,,,,,,,,,,,,,,,,,,,,,,,,,,,,,,,,,,,,,,,,,,,,,,,,,,,,,,,,,,,,,,,,,,,,,,,,,,,,,,,,,,,,,,,,,,,,,,,,,,,,,,,,,,,,,,,,,,,,,,,,,,,,,
node,4328301119,34.7019067,135.4964453,2025-07-05T00:58:51Z,8,168505900,gc27,7130304,ポケモンセンター,Pokémon Center,ポケモンセンター,Q89673816,,ポケモンセンター,Pokémon Center,ポケモンセンター,hobby,13,,10:00-20:00,,https://www.pokemon.co.jp/gp/pokecen/osaka/,,,,,オーサカ,Osaka,神奇寶貝中心,06-6346-6002,,,,,,,,,,,,,,,,,,大阪市,3,梅田三丁目,1,JP,大丸梅田店,530-8202,大阪府,北区,yes,yes,yes,,,,,,,,,,,,,,,,,,,,,,,,,,,,,,,,,,,,,,,,,,,,,,,,,,,,,,,,,,,,,,,,,,,,,,,,,,,,,,,,,,,,,,,,,,,,,,,,,,,,,,,,,,,
node,4366584394,34.7031686,135.4960061,2017-10-06T15:47:52Z,2,52686950,Rakkka,4954428,,,,,,スキンフード,skin food,,beauty,7,,10:00-21:00,,,,,,,,,,,,,,,,,,,,,,,,,,,,,,,,,,,,,,,,,,,,,,,,,,,,,,,,,,,,,,,,,,,,,,,,,,,,,,,,,,,,,,,,,,,,,,,,,,,,,,,,,,,,,,,,,,,,,,,,,,,,,,,,,,,,,,,,,,,,,,,,,,
node,4572487893,34.6994726,135.4942529,2023-10-30T06:35:12Z,6,143346237,b-jazz-bot,9451067,,,,,,Antico Caffe Al Avis,,,bakery,-2,,"Su-Th 11:00-22:00,Fr-Sa 11:00-22:30",,https://www.hakka-group.co.jp/?cmd=read&page=roll%20madu%20umeda,yes,,,,,,,,,,,,,,,,,,,,,,,,yes,,22,梅田二丁目,2,,,,,,,,,cafe,,,,,,,,,,,,,,,,,,,,,,,,,,,,,,,,,,,,,,,,,,,,,,,,,,,,,,,,,,,,,,,,,,,,,,,,,,,,,,,,,,,,,,,,,,,,,,,,,,,,,,,,,,
node,4584816489,34.6985046,135.4939391,2023-07-23T04:35:04Z,7,138878361,okadatsuneo,10163840,,,,,,ブリーゼブリーゼ,breeze breeze,,mall,,,Mo-Su 11:00-21:00,,https://www.breeze-breeze.jp/info/,limited,,,,,,,,,,,,,,,,,,,,,,,,yes,大阪市,9,梅田二丁目,4,,,,,,,,,,BREEZÉ BREEZÉ,,,,,,,,,,,,,,,,,,,,,,,,,,,,,,,,,,,,,,,,,,,,,,,,,,,,,,,,,,,,,,,,,,,,,,,,,,,,,,,,,,,,,,,,,,,,,,,,,,,,,,,,,
node,4628827489,34.7034116,135.4965523,2017-11-22T12:40:45Z,5,54000519,Rakkka,4954428,,,,,,スポーツラボ バイ アトモス,Sports Lab by ATMOS,スポーツラボ バイ アトモス,shoes,,,,,,yes,,,,ルクア大阪店,,,,,,,,,,,,,,,,,,,,yes,,,,,,,,,,,,,,,,,,,,,,,,,,,,,,,,,,,,,,,,,,,,,,,,,,,,,,,,,,,,,,,,,,,,,,,,,,,,,,,,,,,,,,,,,,,,,,,,,,,,,,,,,,,,,,,,,,,,,,,
node,4633805489,34.7004044,135.4984825,2017-06-20T10:18:23Z,2,49689182,Rakkka,4954428,,,,,,,G. B. Gafas,,optician,,,,,,,,,,,,,,,,,,,,,,,,,,,,,,,,,,,,,,,,,,,,,,,,,,,,,,,,,,,,,,,,,,,,,,,,,,,,,,,,,,,,,,,,,,,,,,,,,,,,,,,,,,,,,,,,,,,,,,,,,,,,,,,,,,,,,,,,,,,,,,,,,,,,,
node,4819864621,34.7018865,135.5015446,2025-05-19T01:42:33Z,5,166453311,CR86,1879503,7-ELEVEN,7-ELEVEN,セブン-イレブン,Q259340,en:7-Eleven,セブン-イレブン,7-Eleven,セブン-イレブン,convenience,,,,,,,,Seven-Eleven,,,,,,,,,,,,,,,,,,,,,,,,,,,,,,,,,,,,,,,,,,,,,,,,,,,,,,,,,,,,,,,,,,,,,,,,,,,,,,,,,,,,,,,,,,,,,,,,,,,,,,,,,,,,,,,,,,,,,,,,,,,,,,,,,,,,,,,,,,,,,
node,4919245158,34.7039603,135.4947545,2018-12-28T09:27:05Z,2,65835711,Rakkka,4954428,,,,,,LIXILショールーム大阪,,,yes,10,,,,,,,,,,,,,,,,,,,,,,,,,,,,,,,,,,,,,,,,,,,,,,,,,,,,,,,,,,,,,,,,,,,,,,,,,,,,,,,,,,,,,,,,,,,,,,,,,,,,,,,,,,,,,,,,,,,,,,,,,,,,,,,,,,,,,,,,,,,,,,,,,,,,
node,4927165221,34.7023274,135.4961741,2024-03-17T15:13:20Z,8,148776674,Lactone,5578057,7-ELEVEN,7-ELEVEN,セブン-イレブン,Q259340,en:7-Eleven,セブン-イレブン,7-Eleven,セブン-イレブン,convenience,0,,,,,yes,,Seven-Eleven,,アントレマルシェ大阪店,,7-11（免稅）,+81 6 6440 1122,,,,,,,,,,,,,yes,,,,yes,大阪市,1,梅田三丁目,1,,,,大阪府,北区,,,,,,yes,yes,yes,yes,,,,,,,,,,,,,,,,,,,,,,,,,,,,,,,,,,,,,,,,,,,,,,,,,,,,,,,,,,,,,,,,,,,,,,,,,,,,,,,,,,,,,,,,,,,,,,,,,,,,,
node,5051066999,34.7039811,135.4960123,2020-11-02T12:07:50Z,5,93419101,Rakkka,4954428,,,,,,アイガン,Aigan,,optician,6,,,,,yes,,,,,,,,,,,,,,,,,,,,,,,,yes,,,,,,,,,,,,,,,,,,,,,,,,,,,,,,,,,,,,,,,,,,,,,,,,,,,,,,,,,,,,,,,,,,,,,,,,,,,,,,,,,,,,,,,,,,,,,,,,,,,,,,,,,,,,,,,,,,,,,,,
node,5052411587,34.7031031,135.4998122,2023-12-03T23:28:18Z,3,144735454,okadatsuneo,10163840,,,,,,阪急メンズ大阪,Hankyu Men's Osaka,,department_store,,,,,,,,,,,,,,,,,,,,,,,,,,,,,,,,,,,,,,,,,,,,,,,,,,,,,,,,,,,,,,,,,,,,,,,,,,,,,,,,,,,,,,,,,,,,,,,,,,,,,,,,,,,,,,,,,,,,,,,,,,,,,,,,,,,,,,,,,,,,,,,,,,,,,
node,5058151890,34.6999492,135.4983537,2025-01-24T15:03:06Z,6,161716066,setokynet,21931672,LAWSON,LAWSON,ローソン,Q1557223,ja:ローソン,ローソン,Lawson,ローソン,convenience,-2,로손,07:00-23:00,,,,,,,第４ビル地下2階店,,,,,,,,,,,,,,,,,,,,,,,,,,,,,,,,,,,,,,,,,,,,,,,,,,,,,,,,,,,,,,,,,,,,,,,,,,,,,,,,,,,,,,,,,,,,,,,,,,,,,,,,,,,,,,,,,,,,,,,,,,,,,,,,,,,,,,,,,,,
node,5073213466,34.6989936,135.4976699,2017-11-13T13:25:42Z,3,53740297,Rakkka,4954428,,,,,,北京整体院,,,massage,-1,,11:00-22:00,,,,,,,,,,,,,,,,,,,,,,,,,,,,,,,,,,,,,,,,,,,,,,,,,,,,,,,,,,,,,,,,,,,,,,,,,,,,,,,,,,,,,,,,,,,,,,,,,,,,,,,,,,,,,,,,,,,,,,,,,,,,,,,,,,,,,,,,,,,,,,,,,,
node,5082724322,34.6987323,135.4940941,2025-05-19T01:42:33Z,8,166453311,CR86,1879503,7-ELEVEN,7-ELEVEN,セブン-イレブン,Q259340,en:7-Eleven,セブン-イレブン,7-Eleven,セブン-イレブン,convenience,,세븐일레븐,24/7,,,yes,,Seven-Eleven,,,,,,,,,,,,,,,,,,,,,Sebun Irebun,no,,,,,,,,,,,,,,,,,,,,,,,,,,,,,,,,,,,,,,,,,,,,,,,,,,,,,,,,,,,,,,,,,,,,,,,,,,,,,,,,,,,,,,,,,,,,,,,,,,,,,,,,,,,,,,,,,,,,,,,
node,5152027301,34.7030414,135.4959968,2024-03-17T03:34:34Z,4,148756786,Lactone,5578057,無印良品,MUJI,無印良品,Q708789,,無印良品,MUJI,無印良品,variety_store,7,,10:00-21:00,,,,,Ryohin Keikaku,,ルクア大阪店,,,,,,,,,,,,,,,,,,,,,,,,,,,,,,,,,,,,,,,,,,,,,,,,,,,,,,,,,,,,,,,,,,,,,,,,,,,,,,,,,,,,,,,,,,,,,,,,,,,,,,,,,,,,,,,,,,,,,,,,,,,,,,,,,,,,,,,,,,,
node,5152027302,34.7028624,135.4975057,2025-05-19T01:42:33Z,5,166453311,CR86,1879503,7-ELEVEN,7-ELEVEN,セブン-イレブン,Q259340,en:7-Eleven,セブン-イレブン,7-Eleven,セブン-イレブン,convenience,,,,,,,,Seven-Eleven,,ハートインJR大阪駅御堂筋南口店,,,,,,,,,,,,,,,,,,,,,,,,,,,,,,,,,,,,,,,,,,,,,,,,,,,,,,,,,,,,,,,,,,,,,,,,,,,,,,,,,,,,,,,,,,,,,,,,,,,,,,,,,,,,,,,,,,,,,,,,,,,,,,,,,,,,,,,,,,,
node,5152027303,34.7016842,135.4968202,2020-07-25T02:09:58Z,5,88481372,fuk,550066,ユニクロ,UNIQLO,ユニクロ,Q26070,en:Uniqlo,ユニクロ,UNIQLO,ユニクロ,clothes,12,,,,,,,,,大丸梅田店,,,,,,,,,,,,,,,,,,,,,,,,,,,,,,,,,,,,,,,,,,,,,,,,,,,,,,,,,,,,,,,,,,,,,,,,,,,,,,,,,,,,,,,,,,,,,,,,,,,,,,,,,,,,,,,,,,,,,,,,,,,,,,,,,,,,,,,,,,,
node,5152027304,34.7015358,135.4963615,2022-11-12T09:17:37Z,4,128804955,FlyingWitchDog,14052707,ハンズ,Hands,ハンズ,Q859212,,ハンズ,Hands,ハンズ,variety_store,9;10;11,,,,,,,,,梅田店,,,,,,,,,,,,,,,,,,,,,,,,,,,,,,,,,,,,,,,,,,,,,,,,,,,,,,,,,,,,,,,,,,,,,,,,,,,,,,,,,,,,,,,,,,,,,,,,,,,,,,,,,,,,,,,,,,,,,,,,,,,,,,,,,,,,,,,,,,,
node,5178187484,34.7038545,135.4947365,2018-12-28T09:27:06Z,5,65835711,Rakkka,4954428,,,,,,Beams House,,ビームス ハウス,boutique,1,,,,,,,,,,,,,,,,,,,,,,,,,,,,,,,,,,,,,,,,,,,,,,,,fashion;women;men,,,,,,,,,,,,,,,,,,,,,,,,,,,,,,,,,,,,,,,,,,,,,,,,,,,,,,,,,,,,,,,,,,,,,,,,,,,,,,,,,,,,,,,,,,,,,,,,,,,,
node,5206521430,34.7033804,135.4964051,2017-11-22T12:40:45Z,2,54000519,Rakkka,4954428,,,,,,ピーチジョン ザ ストア,Peace John The Store,,cosmetics,,,Mo-Su 10:00-21:00,,,,,,,,,,,,,,,,,,,,,,,,,,,,,,,,,,,,,,,,,,,,,,,,,,,,,,,,,,,,,,,,,,,,,,,,,,,,,,,,,,,,,,,,,,,,,,,,,,,,,,,,,,,,,,,,,,,,,,,,,,,,,,,,,,,,,,,,,,,,,,,,,,
node,5226429658,34.6990854,135.4959485,2017-11-13T13:25:33Z,1,53740297,Rakkka,4954428,,,,,,大林,,,yes,0,,,,,,,,,,,,,,,,,,,,,,,,,,,,,,,,,,,,,,,,,,,,,,,,,,,,,,,,,,,,,,,,,,,,,,,,,,,,,,,,,,,,,,,,,,,,,,,,,,,,,,,,,,,,,,,,,,,,,,,,,,,,,,,,,,,,,,,,,,,,,,,,,,,,
node,5226429659,34.6987458,135.4966633,2021-07-02T02:15:28Z,2,107284523,Rakkka,4954428,,,,,,信長書店,,,erotic,0,,,,,,,,,,,,,,,,,,,,,,,,,,,,,,,,,,,,,,,,,,,,,,,,,,,,,,,,,,,,,,,,,,,,,,,,,,,,,,,,,,,,,,,,,,,,,,,,,,,,,,,,,,,,,,,,,,,,,,,,,,,,,,,,,,,,,,,,,,,,,,,,,,,,
node,5226429660,34.6990269,135.4970133,2017-11-13T13:25:34Z,1,53740297,Rakkka,4954428,,,,,,ウインザーラケットショップ,,,sports,0,,,,,,,,,,,,,,,,,,,,,,,,,,,,,,,,,,,,,,,,,,,,,,,,,,,,,,,,,,,,,,,,,,,,,,,,,,,,,,,,,,,,,,,,,,,,,,,,,,,,,,,,,,,,,,,,,,,,,,,,,,,,,,,,,,,,,,,,,,,,,,,,,,,,
node,5226429662,34.699011,135.4982365,2019-04-20T08:38:02Z,3,69397618,Munkson,212445,,,,,,ヤトゴルフ,,,sports,0,,,,,,,,,,,,,,,,,,,,,,,,,,,,,,,,,,,,,,,,,,,,,,,,,golf,,,,,,,,,,,,,,,,,,,,,,,,,,,,,,,,,,,,,,,,,,,,,,,,,,,,,,,,,,,,,,,,,,,,,,,,,,,,,,,,,,,,,,,,,,,,,,,,,,,
node,5226429663,34.6989421,135.4974572,2017-11-13T13:25:34Z,1,53740297,Rakkka,4954428,,,,,,フォーエル,,,clothes,0,,,,,,,,,,,,,,,,,,,,,,,,,,,,,,,,,,,,,,,,,,,,,,,,,,,,,,,,,,,,,,,,,,,,,,,,,,,,,,,,,,,,,,,,,,,,,,,,,,,,,,,,,,,,,,,,,,,,,,,,,,,,,,,,,,,,,,,,,,,,,,,,,,,,
node,5226429664,34.6990332,135.4975327,2019-04-20T08:38:02Z,2,69397618,Munkson,212445,,,,,,Mt.石井スポーツ,,,sports,0,,,,,,,,,,,,,,,,,,,,,,,,,,,,,,,,,,,,,,,,,,,,,,,,,climbing,,,,,,,,,,,,,,,,,,,,,,,,,,,,,,,,,,,,,,,,,,,,,,,,,,,,,,,,,,,,,,,,,,,,,,,,,,,,,,,,,,,,,,,,,,,,,,,,,,,
node,5226429666,34.6990134,135.4996117,2017-11-13T13:25:34Z,1,53740297,Rakkka,4954428,,,,,,ピュアサウンド,,,music,0,,,,,,,,,,,,,,,,,,,,,,,,,,,,,,,,,,,,,,,,,,,,,,,,,,,,,,,,,,,,,,,,,,,,,,,,,,,,,,,,,,,,,,,,,,,,,,,,,,,,,,,,,,,,,,,,,,,,,,,,,,,,,,,,,,,,,,,,,,,,,,,,,,,,
node,5226429667,34.6984745,135.4997452,2025-05-19T01:42:33Z,5,166453311,CR86,1879503,LAWSON,LAWSON,ローソン,Q1557223,ja:ローソン,ローソン,Lawson,ローソン,convenience,0,로손,24/7,,,,,,,,,,,,,,,,,,,,,,,,,,,,,,,,,,,,,,,,,,,,,,,,,,,,,,,,,,,,,,,,,,,,,,,,,,,,,,,,,,,,,,,,,,,,,,,,,,,,,,,,,,,,,,,,,,,,,,,,,,,,,,,,,,,,,,,,,,,,,,,,,,
node,5226429668,34.6990325,135.4988345,2021-06-29T17:53:20Z,2,107163569,Yuxian,10084645,はるやま,Haruyama,はるやま,Q11275918,ja:はるやま商事,はるやま,Haruyama,はるやま,clothes,0,,,,,,,,,,,,,,,,,,,,,,,,,,,,,,,,,,,,,,,,,,,,,,,,,,,,,,,,,,,,,,,,,,,,,,,,,,,,,,,,,,,,,,,,,,,,,,,,,,,,,,,,,,,,,,,,,,,,,,,,,,,,,,,,,,,,,,,,,,,,,,,,,,,,
node,5242643218,34.7039768,135.4958015,2021-07-16T21:25:33Z,5,108141104,Yuxian,10084645,ライトオン,Right-on,ライトオン,Q11346416,ja:ライトオン,ライトオン,Right-on,ライトオン,clothes,5,,09:30-22:00,,https://right-on.co.jp/,,,,,ヨドバシ梅田店,,,+81 6 6485 3019,,,,,,,,,,,,,,,,,,,,,,,,,,,,,,,,,,,,,,,,,,,,,,,,,,,,,,,,,,,,,,,,,,,,,,,,,,,,,,,,,,,,,,,,,,,,,,,,,,,,,,,,,,,,,,,,,,,,,,,,,,,,,,,,,,,,,,,,
node,5246918082,34.7038905,135.4961687,2020-11-02T12:07:50Z,5,93419101,Rakkka,4954428,,,,,,RAGEBLUE,Rage Blue,レイジブルー,clothes,5,,09:30-22:00,,http://www.rageblue.jp/,,,,,ヨドバシ梅田,,,+81 6 6292 5033,,,,,,,,,,,,,,,,,,,,,,,,,,,,,,,,,,,,men,,,,,,,,,,,,,,,,,,,,,,,,,,,,,,,,,,,,,,,,,,,,,,,,,,,,,,,,,,,,,,,,,,,,,,,,,,,,,,,,,,,,,,,,,,,,,,,,,,,,
node,5283166321,34.7034344,135.4971793,2019-08-20T11:55:51Z,5,73535816,Rakkka,4954428,,,,,,いかり,Ikari,,supermarket,0,,,,,,,,,,,Ikari super超市,,,,,,,,,,,,,,,,,,,,,,,,,,,,,,,,,,,,,,,,,,,,,,,,,,,,,,,,,,,,,,,,,,,,,,,,,,,,,,,,,,,,,,,,,,,,,,,,,,,,,,,,,,,,,,,,,,,,,,,,,,,,,,,,,,,,,,,,,
node,5291849555,34.7038924,135.4951905,2023-08-08T10:17:29Z,3,139605584,Rakkka,4954428,KEYUCA,,,,,ケユカ,Keyuca,ケユカ,houseware,-1,,,,,,,,,グランフロント大阪店,,,,,,,,,,,,,,,,,,,,,,,,,,,,,,,,,,,,,,,,,,,,,,,,,,,,,,,,,,,,,,,,,,,,,,,,,,,,,,,,,,,,,,,,,,,,,,,,,,,,,,,,,,,,,,,,,,,,,,,,,,,,,,,,,,,,,,,,,,,
node,5370502688,34.6995893,135.4944679,2018-01-29T15:02:54Z,1,55862370,yatcin,2180680,,,,,,ソニーストア,Sony Store,ソニーストア,electronics,3,,,survey 2018-01-28,,,,,,大阪,,,,,,,,,,,,,,,,,,,,,,,,,,,,,,,,,,,,,,,,,,,,,,,,,,,,,,,,,,,,,,,,,,,,,,,,,,,,,,,,,,,,,,,,,,,,,,,,,,,,,,,,,,,,,,,,,,,,,,,,,,,,,,,,,,,,,,,,,,,
node,5370502689,34.6982981,135.4935493,2018-01-29T15:02:54Z,1,55862370,yatcin,2180680,,,,,,北大阪産経新聞販売,,,newsagent,,,,survey 2018-01-28,,,,,,桜橋専売所,,,,,,,,,,,,,,,,,,,,,,,,,,,,,,,,,,,,,,,,,北大阪産経新聞販売株式会社,,,,,,,,,,,,,,,,,,,,,,,,,,,,,,,,,,,,,,,,,,,,,,,,,,,,,,,,,,,,,,,,,,,,,,,,,,,,,,,,,,,,,,,,,,,,,,,,,,
node,5422546069,34.7039637,135.498243,2022-10-24T12:19:05Z,3,127994421,wheelmap_visitor,290680,,,,,,,Cook Deli Gozen,,kiosk,1,,,,,yes,,,,,,,,,,,,,,,,,,,,,,,,,,,,,,,,,,,,,,,,,,,,,,,,,,,,,,,,,,,,,,,,,,,,,,,,,,,,,,,,,,,,,,,,,,,,,,,,,,,,,,,,,,,,,,,,,,,,,,,,,,,,,,,,,,,,,,,,,,,,,,,
node,5437179381,34.7021561,135.4962005,2021-08-07T06:02:38Z,5,109294187,Rakkka,4954428,,,,,,クロスト,crost,,mall,,,,,,,,,,,,,,,,,,,,,,,,,,,,,,,,,,,,,,,,,,,,,,,,,,,,underground,,,,,,,,,,,,,,,,,,,,,,,,,,,,,,,,,,,,,,,,,,,,,,,,,,,,,,,,,,,,,,,,,,,,,,,,,,,,,,,,,,,,,,,,,,,,,,,,,
node,5634107190,34.6988836,135.4998498,2022-11-05T14:10:04Z,3,128522393,Rakkka,4954428,,,,,,永井古書店,,,books,-2,,,,,,,,,,,,,,,,,,,,,,,,,,,,,,,,,,,,,,,,,,,,,,,,,,,,only,,,,,,,,,,,,,,,,,,,,,,,,,,,,,,,,,,,,,,,,,,,,,,,,,,,,,,,,,,,,,,,,,,,,,,,,,,,,,,,,,,,,,,,,,,,,,,,,
node,5636325904,34.7036095,135.5013625,2018-05-23T01:20:13Z,1,59195651,Munkson,212445,,,,,,Marty Mart,,,tobacco,0,,,,,yes,,,,,,,,,,,,,,,,,,,,,,,,,,,,,,,,,,,,,,,,,,,,,,,,,,,,,,,,,,,,,,,,,,,,,,,,,,,,,,,,,,,,,,,,,,,,,,,,,,,,,,,,,,,,,,,,,,,,,,,,,,,,,,,,,,,,,,,,,,,,,,,
node,5647703849,34.7037984,135.4948525,2018-09-19T12:03:39Z,2,62728094,Munkson,212445,,,,,,Mont-bell,,,sports,4,,,,,,,,,,,,,,,,,,,,,,,,,,,,,,,,,,,,,,,,,,,,,,,,,climbing,,,,,,,,,,,,,,,,,,,,,,,,,,,,,,,,,,,,,,,,,,,,,,,,,,,,,,,,,,,,,,,,,,,,,,,,,,,,,,,,,,,,,,,,,,,,,,,,,,,
node,5647703850,34.7037417,135.4951272,2018-12-28T09:27:09Z,2,65835711,Rakkka,4954428,,,,,,CW-X conditioning store,,,sports,4,,,,,yes,,,,,,,,,,,,,,,,,,,,,,,,,,,,,,,,,,,,,,,,,,,,running,,,,,,,,,,,,,,,,,,,,,,,,,,,,,,,,,,,,,,,,,,,,,,,,,,,,,,,,,,,,,,,,,,,,,,,,,,,,,,,,,,,,,,,,,,,,,,,,,,,
node,5684981478,34.6990141,135.4984128,2025-05-19T01:42:33Z,4,166453311,CR86,1879503,7-ELEVEN,7-ELEVEN,セブン-イレブン,Q259340,en:7-Eleven,セブン-イレブン,7-Eleven,セブン-イレブン,convenience,-1,,,,,yes,,Seven-Eleven,,,,,,,,,,,,,,,,,,,,,,,,,,,,,,,,,,,,,,,,,,,,,,,,,,,,,,,,,,,,,,,,,,,,,,,,,,,,,,,,,,,,,,,,,,,,,,,,,,,,,,,,,,,,,,,,,,,,,,,,,,,,,,,,,,,,,,,,,,,,,
node,5684981480,34.699322,135.4986121,2024-09-09T11:17:36Z,5,156389592,Rakkka,4954428,ヴィ・ド・フランス,Vie de France,ヴィ・ド・フランス,Q7928249,ja:ヴィ・ド・フランス,ヴィ・ド・フランス,Vie de France,ヴィ・ド・フランス,bakery,-2,,,,,yes,,,,,,,,,,,,,,,,,,,,,,,,,,,,,,,,,,,,,,Vie De France,,,,,,,,,,coffee_shop,,,,,,,,,,,,,,,,,,,,,,,,,,,,,,,,,,,,,,,,,,,,,,,,,,,,,,,,,,,,,,,,,,,,,,,,,,,,,,,,,,,,,,,,,,,,,,,
node,5684981482,34.7009847,135.4982451,2022-11-12T09:17:37Z,3,128804955,FlyingWitchDog,14052707,ジンズ,JINS,ジンズ,Q11308974,,JINS,Jins,ジンズ,optician,-2,,,,,,,,,,,,,,,,,,,,,,,,,,,,,,,,,,,,,,,,,,,,,,,,,,,underground,,,,,,,,,,,,,,,,,,,,,,,,,,,,,,,,,,,,,,,,,,,,,,,,,,,,,,,,,,,,,,,,,,,,,,,,,,,,,,,,,,,,,,,,,,,,,,,,,
node,5714662622,34.701209,135.4984253,2018-07-26T01:36:10Z,2,61071951,Rakkka,4954428,,,,,,S・Fle',,スフレ,florist,0,,,,,,,,,,,,,,,,,,,,,,,,,,,,,,,,,,,,,,,,,,,,,,,,,,,,,,,,,,,,,,,,,,,,,,,,,,,,,,,,,,,,,,,,,,,,,,,,,,,,,,,,,,,,,,,,,,,,,,,,,,,,,,,,,,,,,,,,,,,,,,,,,,,,
node,5733936533,34.6990671,135.4981769,2025-05-19T01:42:33Z,5,166453311,CR86,1879503,7-ELEVEN,7-ELEVEN,セブン-イレブン,Q259340,en:7-Eleven,セブン-イレブン,7-Eleven,セブン-イレブン,convenience,-2,,,,,yes,,Seven-Eleven,,,,711便利店,,,,,,,,,,,,,,,,,,,,,,,,,,,,,,,,,,,,,,,,,,,,,,,,,,,,,,,,,,,,,,,,,,,,,,,,,,,,,,,,,,,,,,,,,,,,,,,,,,,,,,,,,,,,,,,,,,,,,,,,,,,,,,,,,,,,,,,,,
node,5760549760,34.6988176,135.4978458,2018-08-22T12:52:53Z,2,61886983,Rakkka,4954428,,,,,,Yui,,,hairdresser,-2,,Mo-Fr 10:00-20:00; Sa 10:00-19:30; PH closed,,,yes,,,,,,,06-6341-3828,,,,,,,,,,,yes,,,,,,,,,,,,,,,,,,,,,,,,,,,,,,,,,,,,,,,,,,,,,,,,,,,,,,,,,,,,,,,,,,,,,,,,,,,,,,,,,,,,,,,,,,,,,,,,,,,,,,,,,,,,,,,,,,,,,,,,,,,,,
node,5797424232,34.7026739,135.4946922,2024-11-09T03:25:23Z,8,158918409,87654321hhh,19414127,,,,,,蔦屋書店,Umeda Tsutaya Books,,books,8,,,,,,,,,梅田,,,,Q131100792,,,,,,,,,,,,yes,,,,,,,,,,,,,,,,,,,yes,,yes,,,,,,,,yes,@umetsuta,,,,,,,,,,,,,,,,,,,,,,,,,,,,,,,,,,,,,,,,,,,,,,,,,,,,,,,,,,,,,,,,,,,,,,,,,,,,,,,,,,,,,,,,,,,,,
node,5846148866,34.7029576,135.4990867,2020-12-04T11:25:08Z,2,95290701,Rakkka,4954428,,,,,,阪急32番街,Hankyu 32 Bangai,,mall,,,,,,,,,,,,,,,,,,,,,,,,,,,,,,,,,,,,,,,,,,,,,,,,,,,,,,,,,,,,,,,,,,,,,,,,,,,,,,,,,,,,,,,,,,,,,,,,,,,,,,,,,,,,,,,,,,,,,,,,,,,,,,,,,,,,,,,,,,,,,,,,,,,,,
node,5858941191,34.6990675,135.49931,2023-07-23T08:33:02Z,5,138883364,okadatsuneo,10163840,ゲーマーズ,Gamers,,,,ゲーマーズ,Gamers,ゲーマーズ,hobby,-1,,11:00-20:00,,https://www.gamers.co.jp/shop/4214/,,,,,梅田店,Umeda,,06-6442-3755,,,,,,,,,,,,,,,,,,大阪市,3,梅田一丁目,1,JP,大阪駅前第3ビル,530-0001,大阪府,北区,yes,,,,,,,,,,,,,,,,,B100,yes,yes,yes,yes,yes,yes,yes,yes,,,,,,,,,,,,,,,,,,,,,,,,,,,,,,,,,,,,,,,,,,,,,,,,,,,,,,,,,,,,,,,,,,,,,,,,,,,,,,,,,,,,
node,5860962134,34.7038137,135.4977735,2020-02-16T16:17:47Z,3,81075188,K_Sakanoshita,389520,,,,,,あんぱんや,,,bakery,0,,,,,yes,,,,,,,,,,,,,,,,,,,,,,,,,,,,,,,,,,,,,,,,,,,,,,,,,,,,,,,,,,,,,,,,,,,,,,,,,,,,,,,,,,,,,,,,,,,,,,,,,,,,,,,,,,,,,,,,,,,,,,,,,,,,,,,,,,,,,,,,,,,,,,,
node,5865318031,34.7011649,135.4986066,2023-10-30T06:26:55Z,3,143345877,b-jazz-bot,9451067,,,,,,阪神梅田本店,Hanshin Umeda Main Store,,department_store,,,10:00-20:00,,https://www.hanshin-dept.jp/hshonten/,,,,,,,,+81 6 6345 1201,,,,,,,,,,,,,,,,,yes,,,,,,,,,,,,,,,,,,,,,,,,,,,,,,,,,,,,yes,,,,,,,,,,,,,,,,,,,,,,,,,,,,,,,,,,,,,,,,,,,,,,,,,,,,,,,,,,,,,,,,,,,,,,,,,,,,,,,,,,,
node,5865318498,34.7034481,135.4991698,2024-09-10T00:24:47Z,3,156417783,Rakkka,4954428,,,,,,Sweet's,,スィーティーズ,pastry,,,,,,,,,,,,,,,,,,,,,,,,,,,,,,,,,,,,,,,,,,,,,,,,,,,,,,,,,,,,,,,,,,,,,,,,,,,,,,,,,,,,,,,,,,,,,,,,,,,,,,,,,,,,,,,,,,,,,,,,,,,,,,,,,,,,,,,,,,,,,,,,,,,,,
node,5890883055,34.6994555,135.4987665,2025-05-19T01:42:33Z,3,166453311,CR86,1879503,FamilyMart,FamilyMart,ファミリーマート,Q11247682,en:FamilyMart,ファミリーマート,FamilyMart,ファミリーマート,convenience,-2,,Mo-Su 07:00-23:00,,,yes,,,,ディアモール大阪店,,,,,,yes,,,,,,,,,,,,,,,,,,,,,,,,,,,,,,,,,,,,,,,,,,,,,,,,,,,,,,,,,,,,,,,,,,,,,,,,,,,,,,,,,,,,,,,,,,,,,,,,,,,,,,,,,,,,,,,,,,,,,,,,,,,,,,,,,,,,,
node,5896269887,34.703801,135.4999557,2025-05-19T01:42:33Z,4,166453311,CR86,1879503,ジャンプショップ,Jump Shop,ジャンプショップ,Q11310200,,ジャンプショップ,Jump Shop,ジャンプショップ,anime,5,,11:00-21:00,,http://www.shonenjump.com/j/jumpshop/store.html,,,,,大阪梅田店,Umeda,,06-6366-3722,,,,,,,,,,,,Shueisha,,,,,,大阪市,15,角田町,5,JP,HEP FIVE,,大阪府,北区,,,,,,,,,,,,,,,,,,,,,,,,,,,,yes,yes,,,,,,,,,,,,,,,,,,,,,,,,,,,,,,,,,,,,,,,,,,,,,,,,,,,,,,,,,,,,,,,,,,,,,,,,,,,,,,,,,
node,5899280408,34.7037939,135.4978279,2020-02-16T16:17:47Z,4,81075188,K_Sakanoshita,389520,,,,,,Mior,,,confectionery,0,,,,,,,,,,,,,,,,,,,,,,,,,,,,,,,,,,,,,,,,,,cafe,,,,,,,,,,,,,,,,,,,,,,,,,,,,,,,,,,,,,,,,,,,,,,,,,,,,,,,,,,,,,,,,,,,,,,,,,,,,,,,,,,,,,,,,,,,,,,,,,,,,,,,,,,
node,5899709994,34.7017867,135.4962341,2025-07-05T00:56:58Z,6,168505878,gc27,7130304,トミカ,Tomica,,Q935432,,トミカ,Tomica,,toys,12,,10:00-20:00,,,yes,,Tomica Shop Osaka,,大阪店,Osaka,,,,,,,,,,,,,,,,,,Tomika,,大阪市,3,梅田三丁目,1,JP,大丸梅田店,530-8202,大阪府,北区,,,,,Tomica,,,,,,,トミカショップ 大阪店,,,,,,,,,,,,,,,,,,ソラマチ,+81 6-4796-6255,https://www.takaratomy.co.jp/products/tomicashop/shop/osaka.htm,13F,Tomica Osaka,Tomika shoppu Ōsaka-mise,,,,,,,,,,,,,,,,,,,,,,,,,,,,,,,,,,,,,,,,,,,,,,,,,,,,,,,,,,,,,,,,,,,,,,,,,,,
node,6024790831,34.7034038,135.4983751,2025-05-19T01:42:33Z,5,166453311,CR86,1879503,A-1 Bakery,A-1 Bakery,エーワンベーカリー,Q117270360,,A-1 Bakery,A-1 Bakery,エーワンベーカリー,bakery,0,,,,,limited,,,,,,,,,,,2024-05-10,,,,,,,,,,,,,,,,,,,,,,,,,,,,,,,,,,,,,,,,,,,,,,,,,,,,,,,,,,,,,,,,,,,,,,,,,,,,,,,,,,,,,,,,,,,,,,,,,,,,,,,,,,,,,,,,,,,,,,,,,,,,,,,,,,,,
node,6024790833,34.7033493,135.4982864,2024-05-10T06:37:10Z,4,151128830,Shinji Enoki,420519,,,,,,御座候,,,confectionery,0,,,,,yes,,,,,,,,,,,2024-05-10,,,,,,,,,,,,,,,,,,,,,,,,,,,,,,,,,,,,,,,,,,,,,,,,,,,,,,,,,,HIROTA,,,,,,,,,,,,,,,,,,,,,,,,,,,,,,,,,,,,,,,,,,,,,,,,,,,,,,,,,,,,,,,,,,,,,,,,,,
node,6024811131,34.6989784,135.4939918,2018-11-09T12:03:38Z,2,64322894,Rakkka,4954428,,,,,,ユナイテッドアローズ,UNITED ARROWS,,clothes,0;1,,,,,,,,,,,,,,,,,,,,,,,,,,,,,,,,,,,,,,,,,,,,,,,,,,,,,,,,,,,,,,,,,,,,,,,,,,,,,,,,,,,,,,,,,,,,,,,,,,,,,,,,,,,,,,,,,,,,,,,,,,,,,,,,,,,,,,,,,,,,,,,,,,,,
node,6024811134,34.6996538,135.4940937,2020-07-25T02:09:58Z,2,88481372,fuk,550066,,,,,,TIFFANY&CO.,TIFFANY&CO.,ティファニー,clothes,0,,,,,,,,,,,,,,,,,,,,,,,,,,,,,,,,,,,,,,,,,,,,,,,,,,,,,,,,,,,,,,,,,,,,,,,,,,,,,,,,,,,,,,,,,,,,,,,,,,,,,,,,,,,,,,,,,,,,,,,,,,,,,,,,,,,,,,,,,,,,,,,,,,,,
node,6024811135,34.6999785,135.4945638,2020-07-25T02:09:58Z,2,88481372,fuk,550066,Gucci,,,Q178516,en:Gucci,Gucci,GUCCI,グッチ,clothes,0,,,,,,,,,,,,,,,,,,,,,,,,,,,,,,,,,,,,,,,,,,,,,,,,,,,,,,,,,,,,,,,,,,,,,,,,,,,,,,,,,,,,,,,,,,,,,,,,,,,,,,,,,,,,,,,,,,,,,,,,,,,,,,,,,,,,,,,,,,,,,,,,,,,,
node,6048835693,34.6991168,135.4934219,2022-11-12T09:17:37Z,2,128804955,FlyingWitchDog,14052707,Emporio Armani,,,Q3497483,,Emporio Armani,Emporio Armani,,clothes,,,,,,,,,,,,,,,,,,,,,,,,,,,,,,,,,,,,,,,,,,,,,,,,,,,,,,,,,,,,,,,,,,,,,,,,,,,,,,,,,,,,,,,,,,,,,,,,,,,,,,,,,,,,,,,,,,,,,,,,,,,,,,,,,,,,,,,,,,,,,,,,,,,,,
node,6092459885,34.7039832,135.4952092,2018-12-28T09:27:10Z,2,65835711,Rakkka,4954428,,,,,,アリーナショップ大阪,Arena Shop Osaka,,sports,5,,,,,yes,,,,,,,,,,,,,,,,,,,Descente,,,,,,,,,,,,,,,,,,,,,,,,,swimming,,,,,,,,,,,,,,,,,,,,,,,,,,,,,,,,,,,,,,,,,,,,,,,,,,,,,,,,,,,,,,,,,,,,,,,,,,,,,,,,,,,,,,,,,,,,,,,,,,,
node,6253707957,34.698587,135.4992846,2019-02-02T14:01:00Z,1,66856242,Munkson,212445,,,,,,王宮,,,massage,-2,,,,,,,,,,,,,,,,,,,,,,,,,,,,,,,,,,,,,,,,,,,,,,,,,,,,,,,,,,,,,,,,,,,,,,,,,,,,,,,,,,,,,,,,,,,,,,,,,,,,,,,,,,,,,,,,,,,,,,,,,,,,,,,,,,,,,,,,,,,,,,,,,,,,
node,6297058501,34.6986945,135.4950875,2025-05-19T01:42:33Z,3,166453311,CR86,1879503,LAWSON,LAWSON,ローソン,Q1557223,ja:ローソン,ローソン,Lawson,ローソン,convenience,,,,,,,,,,,,,,,,,,,,,,,,,,,,,,,,,,,,,,,,,,,,,,,,,,,,,,,,,,,,,,,,,,,,,,,,,,,,,,,,,,,,,,,,,,,,,,,,,,,,,,,,,,,,,,,,,,,,,,,,,,,,,,,,,,,,,,,,,,,,,,,,,,,,,
node,6336018229,34.701693,135.4979729,2024-06-24T08:33:48Z,4,153099784,b-jazz-bot,9451067,,,,,,梅田ジュースコーナー,,,beverages,-2,,Mo-Su 07:00-22:00,,https://ai-sakai.com/umedajuice/,,,,,,,,+81 6 6342 7890,,,,,,,,,,,,サカイ,,,,,,大阪市,6,梅田三丁目,,,,,大阪府,北区,,,,,,,yes,,,,,,underground,,,,,,,,,,,,,,,,,,,,,,,,大阪駅前地下街,served,yes,yes,yes,only,,,,,,,,,,,,,,,,,,,,,,,,,,,,,,,,,,,,,,,,,,,,,,,,,,,,,,,,,,,,,,,,,,,,
node,6337315185,34.7037208,135.4952872,2019-12-03T11:01:12Z,2,77870654,Rakkka,4954428,,,,,,アイスモンスター,Ice Monster,,confectionery,6,,,,,,,,,,,,,,,,,,,,,,,,,,,,,,,,,,,,,,,,,,,,,,,,,,,,,,,,,,,,,,,,,,,,,,,,,,,,,,,,,,,,,,,,,,,,,,,,,,,,,,,,,,,,,,,,,,,,,,,,,,,,,,,,,,,,,,,,,,,,,,,,,,,,
node,6417441521,34.6987702,135.498084,2019-04-20T08:38:02Z,1,69397618,Munkson,212445,,,,,,cut-A,,,hairdresser,-1,,,,,,,,,,,,,,,,,,,,,,,yes,,,,,,,,,,,,,,,,,,,,,,,,,,,,,,,,,,,,,,,,,,,,,,,,,,,,,,,,,,,,,,,,,,,,,,,,,,,,,,,,,,,,,,,,,,,,,,,,,,,,,,,,,,,,,,,,,,,,,,,,,,,,,
node,6417441522,34.6989409,135.4978248,2019-04-20T08:38:02Z,1,69397618,Munkson,212445,,,,,,武道具 明倫産業,,,sports,1,,,,,,,,,,,,,,,,,,,,,,,,,,,,,,,,,,,,,,,,,,,,,,,,,martial_arts,,,,,,,,,,,,,,,,,,,,,,,,,,,,,,,,,,,,,,,,,,,,,,,,,,,,,,,,,,,,,,,,,,,,,,,,,,,,,,,,,,,,,,,,,,,,,,,,,,,
node,6512375485,34.6997424,135.4952708,2019-05-31T02:30:29Z,1,70790674,Brian773,10044482,,,,,,,Nikon Service Center,,photo,,,,,,,,,,,,,,,,,,,,,,,,,,,,,,,,,,,,,,,,,,,,,,,,,,,,,,,,,,,,,,,,,,,,,,,,,,,,,,,,,,,,,,,,,,,,,,,,,,,,,,,,,,,,,,,,,,,,,,,,,,,,,,,,,,,,,,,,,,,,,,,,,,,,,
node,6751632485,34.7032891,135.4945571,2019-12-03T11:01:12Z,2,77870654,Rakkka,4954428,,,,,,ザ シティ ベーカリー,The City Bakery,,bakery,-1,,,,,,,,,,,,,,,,,,,,,,,,,,,,,,,,,,,,,,,,,,,,,,,,,,,,,,,,,,,,,,,,,,,,,,,,,,,,,,,,,,,,,,,,,,,,,,,,,,,,,,,,,,,,,,,,,,,,,,,,,,,,,,,,,,,,,,,,,,,,,,,,,,,,
node,7028385412,34.7032818,135.496037,2024-03-17T03:34:34Z,2,148756786,Lactone,5578057,ビームス,Beams,ビームス,Q4876226,,ビームス,Beams,ビームス,clothes,2,,,,,,,,,梅田,,,,,,,,,,,,,,,,,,,,,,,,,,,,,,,,,,,,,,,,,,,,,,,,,,,,,,,,,,,,,,,,,,,,,,,,,,,,,,,,,,,,,,,,,,,,,,,,,,,,,,,,,,,,,,,,,,,,,,,,,,,,,,,,,,,,,,,,,,,
node,7514508621,34.7029785,135.4986468,2022-01-26T09:14:02Z,2,116614453,Rakkka,4954428,,,,,,コスメキッチンリュクス,Cosme Kitchen,,cosmetics,1,,,,https://cosmekitchen.jp,,,,,阪急うめだ本店,,,+81 6 6313 7930,,,,,,,,,,,,,,,,,,,,,,,,,,,,,,,,,,,,,,,,,,,,,,,,,,,,,,,,,,,,,,,,,,,,,,,,,,,,,,,,,,,,,,,,,,,,,,,,,,,,,,,,,,,,,,,,,,,,,,,,,,,,,,,,,,,,,,,,
node,7516366439,34.7030281,135.4982954,2022-01-26T09:14:02Z,2,116614453,Rakkka,4954428,,,,,,ルピシア,,,tea,-2,,,,,,,,,,,,,,,,,,,,,,,,,,,,,,,,,,,,,,,,,,,,,,,,,,,,,,,,,,,,,,,,,,,,,,,,,,,,,,,,,,,,,,,,,,,,,,,,,,,,,,,,,,,,,,,,,,,,,,,,,,,,,,,,,,,,,,,,,,,,,,,,,,,,
node,7559250286,34.7032277,135.4963106,2022-11-12T09:17:37Z,2,128804955,FlyingWitchDog,14052707,ロフト,Loft,ロフト,Q5358428,,ロフト,Loft,ロフト,variety_store,8,,,,,,,,,ルクア大阪,,,,,,,,,,,,,,,,,,,,,,,,,,,,,,,,,,,,,,,,,,,,,,,,,,,,,,,,,,,,,,,,,,,,,,,,,,,,,,,,,,,,,,,,,,,,,,,,,,,,,,,,,,,,,,,,,,,,,,,,,,,,,,,,,,,,,,,,,,,
node,8836160774,34.7025111,135.4958425,2023-07-26T22:13:13Z,3,139059951,unnerving_duck,19392124,7-ELEVEN,7-ELEVEN,セブン-イレブン,Q259340,en:7-Eleven,セブン-イレブン,7-Eleven,セブン-イレブン,convenience,0,,,,,,,Seven-Eleven,,キヨスクJR大阪駅１１番のりば西店,,,,,,,,,,,,,,,,,,,,,,,,,,,,,,,,,,,,,,,,,,,,,,,,,,,,,,,,,,,,,,,,,,,,,,,,,,,,,,,,,,,,,,,,,,,,,,,,,,,,,,,,,,,,,,,,,,,,,,,,,,,,,,,,,,,,,,,,,,,
node,8878597295,34.7026985,135.5004861,2025-05-19T01:42:33Z,7,166453311,CR86,1879503,FamilyMart,FamilyMart,ファミリーマート,Q11247682,en:FamilyMart,ファミリーマート,FamilyMart,ファミリーマート,convenience,0,,24/7,,,yes,,,,,,,,,,,,,,,,,,,,,,,,,,,,,,,,,,,,,,,,,,,,,,,,,,,,,,,,,,,,,,,,,,,,,,,,,,,,,,,,,,,,,,,,,,,,,,,,,,,,,,,,,,,,,,,,,,,,,,,,,,,,,,,,,,,,,,,,,,,,,,,
node,8878597308,34.7018121,135.4954751,2021-06-30T02:42:17Z,1,107176346,Rakkka,4954428,エキマルシェ大阪店,,,,,デ トゥット パンデュース,de tout Painduce,,bakery,0,,,,,,,,,,,,,,,,,,,,,,,,,,,,,,,,,,,,,,,,,,,de tout Painduce,,,,,,,,,,,,,,,,,,,,,,,,,,,,,,,,,,,,,,,,,,,,,,,,,,,,,,,,,,,,,,,,,,,,,,,,,,,,,,,,,,,,,,,,,,,,,,,,,,,,,,,,,
node,8882820915,34.7021833,135.5012475,2023-12-05T12:50:20Z,2,144790966,okadatsuneo,10163840,,,,,,南里文具店,,,stationery,,,,,,,,,,,,,,,,,,,,,,,,,,,,,,,,,,,,,,,,,,,,,,,,,,,,,,,,,,,,,,,,,,,,,,,,,,,,,,,,,,,,,,,,,,,,,,,,,,,,,,,,,,,,,,,,,,,,,,,,,,,,,,,,,,,,,,,,,,,,,,,,,,,,,
node,8882848621,34.7025408,135.5013002,2025-05-19T01:42:33Z,4,166453311,CR86,1879503,7-ELEVEN,7-ELEVEN,セブン-イレブン,Q259340,en:7-Eleven,セブン-イレブン,7-Eleven,セブン-イレブン,convenience,,,,,,,,Seven-Eleven,,ハートインヴィアイン梅田店,,,,,,,,,,,,,,,,,,,,,,,,,,,,,,,,,,,,,,,,,,,,,,,,,,,,,,,,,,,,,,,,,,,,,,,,,,,,,,,,,,,,,,,,,,,,,,,,,,,,,,,,,,,,,,,,,,,,,,,,,,,,,,,,,,,,,,,,,,,
node,8928684222,34.6995893,135.4975887,2024-09-09T11:17:36Z,3,156389592,Rakkka,4954428,無印良品,MUJI,無印良品,Q708789,,無印良品,MUJI,無印良品,variety_store,-2,,,,,,,Ryohin Keikaku,,com,,,,,,,,,,,,,,,,,,,,,,,,,,,,,,,,,,,,,,,,,,,,,,,,,,,,,,,,,,,,,,,,,,,,,,,,,,,,,,,,,,,,,,,,,,,,,,,,,,,,,,,,,,,,,,,,,,,,,,,,,,,,,,,,,,,,,,,,,,,
node,8928684223,34.6995132,135.4980996,2024-09-09T11:17:36Z,2,156389592,Rakkka,4954428,,,,,,ケユカ,KEYUCA,,furniture,-2,,,,,,,,,,,,,,,,,,,,,,,,,,,,,,,,,,,,,,,,,,,,,,,,,,,,,,,,,,,,,,,,,,,,,,,,,,,,,,,,,,,,,,,,,,,,,,,,,,,,,,,,,,,,,,,,,,,,,,,,,,,,,,,,,,,,,,,,,,,,,,,,,,,,
node,8987123751,34.7036324,135.4970985,2021-08-07T06:02:38Z,1,109294187,Rakkka,4954428,,,,,,ブックスタジオ,,,books,,,,,,,,,,,,,,,,,,,,,,,,,,,,,,,,,,,,,,,,,,,,,,,,,,,,,,,,,,,,,,,,,,,,,,,,,,,,,,,,,,,,,,,,,,,,,,,,,,,,,,,,,,,,,,,,,,,,,,,,,,,,,,,,,,,,,,,,,,,,,,,,,,,,,
node,9289756553,34.7039598,135.4963455,2021-11-28T10:15:37Z,1,114318560,Rakkka,4954428,,,,,,THE SHOP TK MIXPICE,,,clothes,5,,,,,,,,,,,,,,,,,,,,,,,,,,,,,,,,,,,,,,,,,,,,,,,,men,,,,,,,,,,,,,,,,,,,,,,,,,,,,,,,,,,,,,,,,,,,,,,,,,,,,,,,,,,,,,,,,,,,,,,,,,,,,,,,,,,,,,,,,,,,,,,,,,,,,
node,9320739974,34.7036682,135.4946792,2024-09-04T01:14:08Z,2,156164109,Rakkka,4954428,,,,,,うめきたセラー,,,mall,-1,,,,,,,,,,,,,,,,,,,,,,,,,,,,,,,,,,,,,,,,,,,,,,,,,,,,,,,,,,,,,,,,,,,,,,,,,,,,,,,,,,,,,,,,,,,,,,,,,,,,,,,,,,,,,,,,,,,,,,,,,,,,,,,,,,,,,,,,,,,,,,,,,,,,
node,9355260797,34.7011969,135.4977001,2021-12-21T10:04:07Z,1,115201240,Rakkka,4954428,,,,,,生活の木,,,houseware,6,,,,,,,,,,,,,,,,,,,,,,,,,,,,,,,,,,,,,,,,,,,,,,,,,,,,,,,,,,,,,,,,,,,,,,,,,,,,,,,,,,,,,,,,,,,,,,,,,,,,,,,,,,,,,,,,,,,,,,,,,,,,,,,,,,,,,,,,,,,,,,,,,,,,
node,9355260798,34.7010077,135.4979932,2021-12-21T10:04:07Z,1,115201240,Rakkka,4954428,,,,,,アフタヌーンティーリビング,,,furniture,6,,,,,,,,,,,,,,,,,,,,,,,,,,,,,,,,,,,,,,,,,,,,,,,,,,,,,,,,,,,,,,,,,,,,,,,,,,,,,,,,,,,,,,,,,,,,,,,,,,,,,,,,,,,,,,,,,,,,,,,,,,,,,,,,,,,,,,,,,,,,,,,,,,,,
node,9355260801,34.7006342,135.4989809,2022-11-12T09:17:37Z,2,128804955,FlyingWitchDog,14052707,無印良品,MUJI,無印良品,Q708789,,無印良品,MUJI,無印良品,variety_store,6,,,,,,,Ryohin Keikaku,,,,,,,,,,,,,,,,,,,,,,,,,,,,,,,,,,,,,,,,,,,,,,,,,,,,,,,,,,,,,,,,,,,,,,,,,,,,,,,,,,,,,,,,,,,,,,,,,,,,,,,,,,,,,,,,,,,,,,,,,,,,,,,,,,,,,,,,,,,,,
node,9449454223,34.7013313,135.4977818,2022-01-26T09:14:02Z,1,116614453,Rakkka,4954428,,,,,,Biople by CosmeKitchen,Biople by CosmeKitchen,,houseware,3,,,,https://store.biople.jp/,,,,,阪神梅田本店,,,,,,,,,,,,,,,,,,,,,,,,,,,,,,,,,,,,,,,,,,,,,,,,,,,,,,,,,,,,,,,,,,,,,,,,,,,,,,,,,,,,,,,,,,,,,,,,,,,,,,,,,,,,,,,,,,,,,,,,,,,,,,,,,,,,,,,,,,,
node,9449454224,34.7033104,135.4962999,2022-01-26T09:14:02Z,1,116614453,Rakkka,4954428,,,,,,Biople by CosmeKitchen,Biople by CosmeKitchen,,houseware,-1,,,,https://store.biople.jp/,,,,,ルクア大阪店,,,,,,,,,,,,,,,,,,,,,,,,,,,,,,,,,,,,,,,,,,,,,,,,,,,,,,,,,,,,,,,,,,,,,,,,,,,,,,,,,,,,,,,,,,,,,,,,,,,,,,,,,,,,,,,,,,,,,,,,,,,,,,,,,,,,,,,,,,,
node,9598562180,34.7021957,135.4954992,2025-05-19T01:42:33Z,3,166453311,CR86,1879503,7-ELEVEN,7-ELEVEN,セブン-イレブン,Q259340,,セブン-イレブン,7-Eleven,セブン-イレブン,convenience,0,,,,,,,Seven-Eleven,,,,,,,,,,,,,,,,,,,,,,,,,,,,,,,,,,,,,,,,,,,,,,,,,,,,,,,,,,,,,,,,,,,,,,,,,,,,,,,,,,,,,,,,,,,,,,,,,,,,,,,,,,,,,,,,,,,,,,,,,,,,,,,,,,,,,,,,,,,,,
node,9598562181,34.7019311,135.4952967,2024-09-05T13:13:50Z,2,156230950,Rakkka,4954428,,,,,,ビオラル,BIO-RAL,ビオラル,supermarket,0,,,,http://www.lifecorp.jp/store/bio-ral/,,,,,,,,,,,,,,,,,,,,,,,,,,,,,,,,,,,,,,,,,,,,,,,,,,,,,,,,,,,,,,,,,,,,,,,,,,,,,,,,,,,,,,,,,,,,,,,,,,,,,,,,,,,,,,,,,,,,,,,,,,,,,,,,,,,,,,,,,,,,,,,,
node,9598562182,34.7017691,135.4950808,2022-03-23T02:34:48Z,1,118800095,Rakkka,4954428,,,,,,エキドンキ,,,variety_store,0,,,,,,,,,,,,,,,,,,,,,,,,,,,,,,,,,,,,,,,,,,,,,,,,,,,,,,,,,,,,,,,,,,,,,,,,,,,,,,,,,,,,,,,,,,,,,,,,,,,,,,,,,,,,,,,,,,,,,,,,,,,,,,,,,,,,,,,,,,,,,,,,,,,,
node,9840655056,34.7027128,135.4984322,2023-10-30T06:25:51Z,3,143345835,b-jazz-bot,9451067,,,,,,阪急うめだ本店,Hankyu Umeda Main Store,阪急うめだ本店,department_store,-2;-1;0;1;2;3;4;5;6;7;8;9;10;11;12,한큐 백화점 우메다 본점,"Mo-Th,Su 10:00-20:00; Fr-Sa 10:00-21:00",,https://www.hankyu-dept.co.jp/honten,yes,,,,,,,,Q11656794,ja:阪急百貨店うめだ本店,,,tienda de hankyu,,,,,,,,,,,,,,,,,,,,,,,,,,,,,,,,,,,,,,,,,,,,,,,,,,,,,,,,,,,,,,,,Category:Hankyu Department Stores Umeda main store,,,,,,,,,,,,,,,,,,,,,,,,,,,,,,,,,,,,,,,,,,,,,,,,,,,,,,,,,,,,,,,,,,,
node,10297713928,34.6997447,135.4990987,2023-07-23T08:33:02Z,2,138883364,okadatsuneo,10163840,クロサワ楽器店,Kurosawa Gakki,クロサワ楽器店,,,クロサワバイオリン,Kurosawa Violin,クロサワバイオリン,musical_instrument,1,,"Mo-Sa 11:00-20:00;Su,Ph 11:00-19:00",,https://www.kurosawaviolin.com/,,,,,大阪,Osaka,,045-317-3721,,,,,,,,,,,,,,,,,,大阪市,4,梅田一丁目,11,,大阪駅前第4ビル,530-0001,大阪府,北区,,,,,,,,,,,,,,,,,,,,,,,,,,,,,,,,,,,,,,,,,,,,大阪,,,,,,,,,,,,,,,,,,,,,,,,,,,,,,,,,,,,,,,,,,,,,,,,,,,,,,,,,,,,,,,,,,
node,10599107209,34.6998969,135.4988593,2023-02-01T14:20:41Z,1,131965745,未設定,17743588,,,,,,PCコンフル 梅田店,,,computer,,,,,,,,,,,,,,,,,,,,,,,,,,,,,,,,,,,,,,,,,,,,,,,,,,,,,,,,,,,,,,,,,,,,,,,,,,,,,,,,,,,,,,,,,,,,,,,,,,,,,,,,,,,,,,,,,,,,,,,,,,,,,,,,,,,,,,,,,,,,,,,,,,,,,
node,10747504105,34.6991266,135.4934614,2023-03-20T03:02:35Z,1,133880326,Adr1en,3366289,,,,,,,,,bicycle,,,,,,,,,,,,,,,,,,,,,,,,,,,,,,,,,,,,,,,,,,,,,,,,,,,,,,,,,,,,,,,,,,,,,,,,,,,,,,,,,,,,,,,,,,,,,,,,,,,,,,,,,,,,,,,,,,,,,,,,,,,,,,,,,,,,,,,,,,,,,,,,,,,,,
node,10959644157,34.6996454,135.5005218,2025-01-20T08:52:37Z,2,161553286,K_Sakanoshita,389520,,,,,,とり藤,,,confectionery,,,,"Bing,2011-4",,,,,,,,,,,,,2025-01-20,,,,,,,,,,,,,,,,,,,,,,,,,,,,,,,,,,,,,,,,,,,,,,,,,,,,,,,,,,,,,,,,,,,,,,,,,,,,,,,,,,,,,,,,,,,,,,,,,,,,,,,,,,,,,,,,,,,,,,,,,,,,,,,,,,,,
node,11046323488,34.6988638,135.4997177,2023-07-14T12:26:41Z,1,138505810,Rakkka,4954428,,,,,,占い館 アナスタシア,,,psychic,-2,,,,,,,,,,,,,,,,,,,,,,,,,,,,,,,,,,,,,,,,,,,,,,,,,,,,,,,,,,,,,,,,,,,,,,,,,,,,,,,,,,,,,,,,,,,,,,,,,,,,,,,,,,,,,,,,,,,,,,,,,,,,,,,,,,,,,,,,,,,,,,,,,,,,
node,11046323489,34.6988373,135.4994488,2023-07-14T12:26:41Z,1,138505810,Rakkka,4954428,,,,,,ほしよみ堂,,,psychic,1,,,,,,,,,,,,,,,,,,,,,,,,,,,,,,,,,,,,,,,,,,,,,,,,,,,,,,,,,,,,,,,,,,,,,,,,,,,,,,,,,,,,,,,,,,,,,,,,,,,,,,,,,,,,,,,,,,,,,,,,,,,,,,,,,,,,,,,,,,,,,,,,,,,,
node,11046323490,34.6988715,135.4965292,2023-07-14T12:26:41Z,1,138505810,Rakkka,4954428,,,,,,ジャンヌダルク,,,psychic,0,,,,,,,,,,,,,,,,,,,,,,,,,,,,,,,,,,,,,,,,,,,,,,,,,,,,,,,,,,,,,,,,,,,,,,,,,,,,,,,,,,,,,,,,,,,,,,,,,,,,,,,,,,,,,,,,,,,,,,,,,,,,,,,,,,,,,,,,,,,,,,,,,,,,
node,11201798961,34.6994065,135.500576,2025-05-19T01:42:33Z,2,166453311,CR86,1879503,Daily YAMAZAKI,Daily YAMAZAKI,デイリーヤマザキ,Q5209392,,デイリーヤマザキ,Daily Yamazaki,デイリーヤマザキ,convenience,,,,,,,,,,,,,,,,,2023-09-19,,,,,,,,,,,,,,,,,,,,,,,,,,,,,,,,,,,,,,,,,,,,,,,,,,,,,,,,,,,,,,,,,,,,,,,,,,,,,,,,,,,,,,,,,,,,,,,,,,,,,,,,,,,,,,,,,,,,,,,,,,,,,,,,,,,,
node,11366112287,34.7027339,135.4956691,2025-05-19T01:42:33Z,2,166453311,CR86,1879503,7-ELEVEN,7-ELEVEN,セブン-イレブン,Q259340,,セブン-イレブン,7-Eleven,セブン-イレブン,convenience,2,,Mo-Su 06:30-23:00,,,yes,,Seven-Eleven,,ハートイン　JR大阪駅連絡口店,,,,,,,,,,,,,,,,,,,,,,,,,,,,,,,,,,,,,,,,,,,,,,,,,,,,,,,,,,,,,,,,,,,,,,,,,,,,,,,,,,,,,,,,,,,,,,,,,,,,,,,,,,,,,,,,,,,,,,,,,,,,,,,,,,,,,,,,,,,
node,11396024382,34.7021963,135.5013712,2023-12-05T12:50:20Z,1,144790966,okadatsuneo,10163840,,,,,,レイク,,,money_lender,,,,,,,,,,,,,,,,,,,,,,,,,,,,,,,,,,,,,,,,,,,,,,,,,,,,,,,,,,,,,,,,,,,,,,,,,,,,,,,,,,,,,,,,,,,,,,,,,,,,,,,,,,,,,,,,,,,,,,,,,,,,,,,,,,,,,,,,,,,,,,,,,,,,,
node,11396097421,34.7011312,135.5004613,2023-12-05T13:58:40Z,1,144792990,okadatsuneo,10163840,,,,,,ploom station,,,tobacco,,,,,,,,,,,,,,,,,,,,,,,,,,,,,,,,,,,,,,,,,,,,,,,,,,,,,,,,,,,,,,,,,,,,,,,,,,,,,,,,,,,,,,,,,,,,,,,,,,,,,,,,,,,,,,,,,,,,,,,,,,,,,,,,,,,,,,,,,,,,,,,,,,,,,
node,11396097423,34.7014703,135.5004157,2025-05-19T01:42:33Z,2,166453311,CR86,1879503,LAWSON,LAWSON,ローソン,Q1557223,,ローソン,Lawson,ローソン,convenience,,,,,,,,,,,,,,,,,,,,,,,,,ローソン,,,,Rōson,,,,,,,,,,,,,,,,,,,,,,,,,,,,,,,,,,,,,,,,,,,,,,,,,,,,,,,ろーそん,,,,,,,,,,,,,,,,,,,,,,,,,,,,,,,,,,,,,,,,,,,,,,,,,,,,,,,,,,,,,,,,,
node,11472452557,34.7031232,135.4970529,2025-05-19T01:42:33Z,2,166453311,CR86,1879503,7-ELEVEN,7-ELEVEN,セブン-イレブン,Q259340,,セブン-イレブン,7-Eleven,セブン-イレブン,convenience,,,,,,,,Seven-Eleven,,キヨスクJR大阪駅御堂筋口内南店,,,+81 6 4797 3105,,,,,,,,,,,,,yes,,,,,,,,,,,,,,,,,,,,,,yes,,,,,,,,,,,,,,,,,,,,,,,,,,,,,,,,,,,,,yes,,,,,,,,,,,,,,,,,,,,,,,,,,,,,,,,,,,,,,,,,,,,,,,,,,,,,,,,,,,,,,,,
node,11500444169,34.7000407,135.5015333,2025-05-19T01:42:33Z,2,166453311,CR86,1879503,LAWSON,LAWSON,ローソン,Q1557223,,ローソン,Lawson,ローソン,convenience,4,,24/7,,http://e-map.ne.jp,,,,,アパリゾート大阪梅田駅タワー店,,,+81 6-6314-0115,,,,,,,,,,,,,,,,,,,,,,,,530-0057,,,,,,,,,,,,,,,,,,,,,,,,,,,,,,,,,,,,,,,,,,,,,,,,,,,,,,,,,,,,,,,,,,,,,,,,,,,,,,,,,,,,,,,,,,,,,,,,,,,,,,,,,,,,,,,,
node,11576327501,34.6990986,135.4963386,2024-02-01T11:49:32Z,1,146942727,Munkson,212445,,,,,,Galette,,,hairdresser,-1,,,,,,,,,,,,,,,,,,,,,,,yes,,,,,,,,,,,,,,,,,,,,,,,,,,,,,,,,,,,,,,,,,,,,,,,,,,,,,,,,,,,,,,yes,,,,,,,,,,,,,,,,,,,,,,,,,,,,,,,,,,,,,,,,,,,,,,,,,,,,,,,,,,,,,,,
node,11736587558,34.7026132,135.494518,2024-09-05T13:13:50Z,3,156230950,Rakkka,4954428,,,,,,BASIC AND ACCENT,,,houseware,6,,,,,,,,,ルクア イーレ店,,,+81 6 6151 2167,,,,,,,,,,,,,yes,,,,,大阪市,3,梅田三丁目,1,,,530-8558,大阪府,北区,,,,,,yes,yes,yes,,,,,,,,yes,,,,,,,,,,,,,,,,,,,,,,,,,,,,,,,,,,,,,,,,,,,,,,,,,,,,,,,,,,,,,,,,,,,,,,,,,,,,,,,,,,,,,,,,,,,,,,
node,11736587560,34.7030016,135.4948454,2024-09-05T13:13:50Z,3,156230950,Rakkka,4954428,,,,,,UNITED TOKYO,,,clothes,6,,,,https://united-tokyo.com,,,,,大阪店,,,+81 6 6151 1440,,,,,,,,,,,,,yes,,,,,大阪市,3,梅田三丁目,1,,,530-0001,大阪府,北区,,,,,,yes,yes,yes,,,,,,,,,,,,,,,,,,,no,,,,,,,,,,,,,,,,,,,,,,,,,,,,,,,,,,,,,,,,,,,,,,,,,,,,,,,,,,,,,,,,,,,,,,,,,,,,,,,,,,,
node,11739057256,34.7001375,135.4981211,2024-03-17T15:13:20Z,1,148776674,Lactone,5578057,,,,,,オリヒカ,,,clothes,-2,,,,,,,,,ディアモール大阪,,,+81 6 6348 4878,,,,,,,,,,,,,yes,,,,,,,,,,,,,,,,,,,yes,yes,,yes,suits,,,,,,,,,,,,,,,,,,,,,,,,,,,,,,,,,,,,,,,,,,,,,,,,,,,,,,,,,,,,,,,,,,,,,,,,,,,,,,,,,,,,,,,,,,,,,,,,,,,,
node,11757341656,34.699181,135.4994432,2024-03-24T07:35:32Z,1,149077240,Lactone,5578057,,,,,,Cloe,,,hairdresser,0,,,,,,,,,梅田店,,,+81 6 6347 1008,,,,,,,,,,,yes,,,,,,,大阪市,3,梅田一丁目,1,,,,大阪府,北区,,,,,,yes,yes,,,,,,,,,,,,,,,,,,,,,,,,,,,,,,,,,,,,,,,,yes,no,,,,,,,,,,,,,,,,,,,,,,,,,,,,,,,,,,,,,,,,,,,,,,,,,,,,,,,,,,,,,,
node,11834471402,34.7029685,135.4947582,2024-09-05T13:13:50Z,2,156230950,Rakkka,4954428,,,,,,nano universe,,ナノ・ユニバース,clothes,4,,,,,,,,,,,,+81 6 6151 1473,,,,,,,,,,,,,yes,,,,,,,,,,,,,,,,,,,yes,yes,yes,,,,,,,,yes,,,,,,,,,,,,,,,,,,,,,,,,,,,,,,,,no,,,,,,,,,,,,,,,,,,,,,,,,,,,,,,,,,,,,,,,,,,,,,,,,,,,,,,,,,,,,,,
node,11834471403,34.7026401,135.4948216,2024-09-05T13:13:50Z,2,156230950,Rakkka,4954428,ユニクロ,UNIQLO,ユニクロ,Q26070,,ユニクロ,UNIQLO,ユニクロ,clothes,-1,,,,https://www.uniqlo.com,,,,,ルクアイーレ店,,,,,,,,,,,,,,,,yes,,,,,,,,,,,,,,,,,,,yes,,yes,,,,,,,,yes,,,,,,,,,,,,,,,,,,,,,,,,,,,,,,,,yes,+81 50 3355 6907,,,,,,,,,,,,,,,,,,,,,,,,,,,,,,,,,,,,,,,,,,,,,,,,,,,,,,,,,,,,,
node,11834471404,34.6996537,135.4945942,2024-04-21T07:43:10Z,1,150290113,Lactone,5578057,,,,,,grand musée,,グラン ミュゼ,interior_decoration,2,,,,,,,,,,,,+81 6 4797 3230,,,,,,,,,,,,,,,,,,,,,,,,,,,,,,,,yes,,,,,,,,,,,,,,,,,,,,,no,,,,,,,,,,,,,,,,,,,,,no,,,,,,,,,,,,,,,,,,,,,,,,,,,,,,,,,,,,,,,,,,,,,,,,,,,,,,,,,,,,,,
node,11834471405,34.7027029,135.4943383,2024-09-05T13:13:50Z,2,156230950,Rakkka,4954428,GU,GU,ジーユー,Q5512642,,GU,GU,ジーユー,clothes,-1,,,,,,,,,,,,,,,,,,,,,,,,,,,,,,,,,,,,,,,,,,,,,,,,,,,,,,,,,,,,,,,,,,,,,,,,,,,,,,,,,,,,,,,,,,,,,,,,,,,,,,,,,,,,,,,,,,,,,,,,,,,,,,,,,,,,,,,,,,,,,,,,,,,,
node,11968248369,34.7018787,135.4965177,2024-06-10T05:09:02Z,1,152478711,NSJ0275,1989367,,,,,,,,,department_store,,,,,,,,,,,,,,,,,,,,,,,,,,,,,,,,,,,,,,,,,,,,,,,,,,,,,,,,,,,,,,,,,,,,,,,,,,,,,,,,,,,,,,,,,,,,,,,,,,,,,,,,,,,,,,,,,,,,,,,,,,,,,,,,,,,,,,,,,,,,,,,,,,,,,
node,12037307537,34.6998628,135.500218,2024-07-06T09:27:45Z,1,153615984,K_Sakanoshita,389520,,,,,,アイトピア,,,optician,,,,,,,,,,,,,,,,,2024-07-06,,,,,,,,,,,,,,,,,,,,,,,,,,,,,,,,,,,,,,,,,,,,,,,,,,,,,,,,,,,,,,,,,,,,,,,,,,,,,,,,,,,,,,,,,,,,,,,,,,,,,,,,,,,,,,,,,,,,,,,,,,,,,,,,,,,,
node,12037307540,34.6997571,135.5002353,2024-07-06T09:27:45Z,1,153615984,K_Sakanoshita,389520,,,,,,SHIPPO,,,jewelry,,,,,,,,,,,,,,,,,2024-07-06,,,,,,,,,,,,,,,,,,,,,,,,,,,,,,,,,,,,,,,,,,,,,,,,,,,,,,,,,,,,,,,,,,,,,,,,,,,,,,,,,,,,,,,,,,,,,,,,,,,,,,,,,,,,,,,,,,,,,,,,,,,,,,,,,,,,
node,12037307541,34.6997622,135.5002623,2024-07-06T09:27:45Z,1,153615984,K_Sakanoshita,389520,,,,,,Apiuz hair,,,beauty,,,,,,,,,,,,,,,,,2024-07-06,,,,,,,,,,,,,,,,,,,,,,,,,,,,,,,,,,,,,,,,,,,,,,,,,,,,,,,,,,,,,,,,,,,,,,,,,,,,,,,,,,,,,,,,,,,,,,,,,,,,,,,,,,,,,,,,,,,,,,,,,,,,,,,,,,,,
node,12079442299,34.7022789,135.4982934,2025-05-19T01:42:33Z,4,166453311,CR86,1879503,ミスタードーナツ,Mister Donut,ミスタードーナツ,Q1065819,,ミスタードーナツ,Mister Donut,ミスタードーナツ,confectionery,-1,,,,,,,,,,,,,,,,,,,,,,,,,,,,,,,,,,,,,,,,,,fast_food,,,,,,,,,,,donut,,,,,,,,,,,,,,,,,,,,,,,,,,,yes,,,,,,,,,,,,,,,,,,,,,,,,,,,,,,,,,,,,,,,,,,,,,,,,,,,,,,,,,,,,,,,,,,,,
node,12095159226,34.7013341,135.4944116,2025-05-19T01:42:33Z,3,166453311,CR86,1879503,7-ELEVEN,7-ELEVEN,セブン-イレブン,Q259340,,セブン-イレブン,7-Eleven,セブン-イレブン,convenience,0,,,,,,,Seven-Eleven,,,,,,,,,,,,,,,,,,,,,,,,,,,,,,,,,,,,,,,,,,,,,,,,,,,,,,,,,,,,,,,,,,,,,,,,,,,,,,,,,,,,,,,,,,,,,,,,,,,,,,,,,,,,,,,,,,,,,,,,,,,,,,,,,,,,,,,,,,,,,
node,12095159227,34.7006246,135.4940012,2024-08-06T12:05:12Z,1,154890176,Rakkka,4954428,,,,,,KITTE大阪,KITTE OSAKA,KITTE大阪,mall,,,,,,,,,,,,,,,,,,,,,,,,,,,,,,,,,,,,,,,,,,,,,,,,,,,,,,,,,,,,,,,,,,,,,,,,,,,,,,,,,,,,,,,,,,,,,,,,,,,,,,,,,,,,,,,,,,,,,,,,,,,,,,,,,,,,,,,,,,,,,,,,,,,,,
node,12107526574,34.698674,135.4975196,2024-08-13T05:45:21Z,1,155177646,K_Sakanoshita,389520,,,,,,トキワ商会,,,shoes,-2,,,,,,,,,,,,,,,,2024-08-13,,,,,,,,,,,,,,,,,,,,,,,,,,,,,,,,,,,,,,,,,,,,,,,,,,,,,,,,,,,,,,,,,,,,,,,,,,,,,,,,,,,,,,,,,,,,,,,,,,,,,,,,,,,,,,,,,,,,,,,,,,,,,,,,,,,,
node,12154532612,34.7032316,135.494889,2024-09-04T01:14:08Z,1,156164109,Rakkka,4954428,,,,,,ファミリマート,,,convenience,-1,,,,,,,,,,,,,,,,,,,,,,,,,,,,,,,,,,,,,,,,,,,,,,,,,,,,,,,,,,,,,,,,,,,,,,,,,,,,,,,,,,,,,,,,,,,,,,,,,,,,,,,,,,,,,,,,,,,,,,,,,,,,,,,,,,,,,,,,,,,,,,,,,,,,
node,12157787194,34.7017944,135.4968873,2024-10-26T23:28:24Z,2,158394867,higa4,162590,,,,,,ニンテンドーオオサカ,Nintendo OSAKA,,toys,12,,,,,,,,,,,,,Q125055846,,,,,,,,,,,,,,,,,,,,,,,,,,,,,,,,,,,,,,,,,,,,,,,,,,,,,,,,,,,,,,,,,,,,,,,,,,,,,,,,,,,,,,,,,,,,,,,,,,,,,,,,,,,,,,,,,,,,,,,,,,,,,,,,,,,,,,,
node,12167701095,34.7005187,135.496855,2024-09-10T08:45:52Z,1,156428678,K_Sakanoshita,389520,,,,,,HIS,,,travel_agency,,,,,,,,,,,,,,,,,2024-09-10,,,,,,,,,,,,,,,,,,,,,,,,,,,,,,,,,,,,,,,,,,,,,,,,,,,,,,,,,,,,,,,,,,,,,,,,,,,,,,,,,,,,,,,,,,,,,,,,,,,,,,,,,,,,,,,,,,,,,,,,,,,,,,,,,,,,
node,12167701321,34.6997448,135.4953771,2024-09-10T08:50:54Z,1,156428865,K_Sakanoshita,389520,Bulgari,,,Q752515,,Bvlgari,,,fashion_accessories,,,,,,,,,,,,,,,,,2024-09-10,,,,,,,,,,,,,,,,,,,,,,,,,,,,,,,,,,,,,,,,,,,,,,,,,,,,,,,,,,,,,,,,,,,,,,,,,,,,,,,,,,,,,,,,,,,,,,,,,,,,,,,,,,,,,,,,,,,,,,,,,,,,,,,,,,,,
node,12167701964,34.7000278,135.4953535,2024-09-10T08:51:30Z,1,156428892,K_Sakanoshita,389520,Louis Vuitton,,,Q191485,,Louis Vuitton,,,clothes,,,,,,,,,,,,,,,,,2024-09-10,,,,,,,,,,,,,,,,,,,,,,,,,,,,,,,,,,,,,,,,,,,,,,,,,,,,,,,,,,,,,,,,,,,,,,,,,,,,,,,,,,,,,,,,,,,,,,,,,,,,,,,,,,,,,,,,,,,,,,,,,,,,,,,,,,,,
node,12167705037,34.6993826,135.495428,2024-09-10T08:49:31Z,1,156428802,K_Sakanoshita,389520,,,,,,大黒屋,,,pawnbroker,,,,,,,,,,,,,,,,,2024-09-10,,,,,,,,,,,,,,,,,,,,,,,,,,,,,,,,,,,,,,,,,,,,,,,,,,,,,,,,,,,,,,,,,,,,,,,,,,,,,,,,,,,,,,,,,,,,,,,,,,,,,,,,,,,,,,,,,,,,,,,,,,,,,,,,,,,,
node,12167706029,34.7006787,135.4940505,2024-09-10T09:02:14Z,1,156429316,K_Sakanoshita,389520,,,,,,三輪山本,,,gift,1,,,,,,,,,,,,,,,,2024-09-10,,,,,,,,,,,,,,,,,,,,,,,,,,,,,,,,,,,,,,,,,,,,,,,,,,,,,,,,,,,,,,,,,,,,,,,,,,,,,,,,,,,,,,,,,,,,,,,,,,,,,,,,,,,,,,,,,,,,,,,,,,,,,,,,,,,,
node,12167706030,34.7005947,135.4940971,2024-09-10T09:02:14Z,1,156429316,K_Sakanoshita,389520,,,,,,雪国商店,,,alcohol,,,,,,,,,,,,,,,,,2024-09-10,,,,,,,,,,,,,,,,,,,,,,,,,,,,,,,,,,,,,,,,,,,,,,,,,,,,,,,,,,,,,,,,,,,,,,,,,,,,,,,,,,,,,,,,,,,,,,,,,,,,,,,,,,,,,,,,,,,,,,,,,,,,,,,,,,,,
node,12167706031,34.7005457,135.4942019,2024-09-10T09:02:14Z,1,156429316,K_Sakanoshita,389520,,,,,,兵庫県おみやげ発掘屋,,,gift,,,,,,,,,,,,,,,,,2024-09-10,,,,,,,,,,,,,,,,,,,,,,,,,,,,,,,,,,,,,,,,,,,,,,,,,,,,,,,,,,,,,,,,,,,,,,,,,,,,,,,,,,,,,,,,,,,,,,,,,,,,,,,,,,,,,,,,,,,,,,,,,,,,,,,,,,,,
node,12167706032,34.7013253,135.4960344,2024-09-10T09:05:04Z,1,156429436,K_Sakanoshita,389520,Gucci,,,Q178516,,Gucci,,,clothes,1,,,,,,,,,,,,,,,,2024-09-10,,,,,,,,,,,,,,,,,,,,,,,,,,,,,,,,,,,,,,,,,,,,,,,,,,,,,,,,,,,,,,,,,,,,,,,,,,,,,,,,,,,,,,,,,,,,,,,,,,,,,,,,,,,,,,,,,,,,,,,,,,,,,,,,,,,,
node,12167712991,34.7009389,135.4943566,2024-09-10T08:58:47Z,1,156429174,K_Sakanoshita,389520,,,,,,荻野屋,,,gift,1,,,,,,,,,,,,,,,,2024-09-10,,,,,,,,,,,,,,,,,,,,,,,,,,,,,,,,,,,,,,,,,,,,,,,,,,,,,,,,,,,,,,,,,,,,,,,,,,,,,,,,,,,,,,,,,,,,,,,,,,,,,,,,,,,,,,,,,,,,,,,,,,,,,,,,,,,,
node,12167712992,34.7008735,135.494398,2024-09-10T08:58:47Z,1,156429174,K_Sakanoshita,389520,,,,,,かごしま屋,,,gift,,,,,,,,,,,,,,,,,2024-09-10,,,,,,,,,,,,,,,,,,,,,,,,,,,,,,,,,,,,,,,,,,,,,,,,,,,,,,,,,,,,,,,,,,,,,,,,,,,,,,,,,,,,,,,,,,,,,,,,,,,,,,,,,,,,,,,,,,,,,,,,,,,,,,,,,,,,
node,12167730150,34.7005876,135.4943547,2024-09-10T09:03:03Z,1,156429358,K_Sakanoshita,389520,,,,,,出雲しめなわや,,,gift,,,,,,,,,,,,,,,,,2024-09-10,,,,,,,,,,,,,,,,,,,,,,,,,,,,,,,,,,,,,,,,,,,,,,,,,,,,,,,,,,,,,,,,,,,,,,,,,,,,,,,,,,,,,,,,,,,,,,,,,,,,,,,,,,,,,,,,,,,,,,,,,,,,,,,,,,,,
node,12167730151,34.7007439,135.4944761,2024-09-10T09:03:03Z,1,156429358,K_Sakanoshita,389520,,,,,,とさとさ,,,gift,,,,,,,,,,,,,,,,,2024-09-10,,,,,,,,,,,,,,,,,,,,,,,,,,,,,,,,,,,,,,,,,,,,,,,,,,,,,,,,,,,,,,,,,,,,,,,,,,,,,,,,,,,,,,,,,,,,,,,,,,,,,,,,,,,,,,,,,,,,,,,,,,,,,,,,,,,,
node,12546345176,34.7026242,135.494579,2025-01-31T12:47:30Z,1,161976005,K_Sakanoshita,389520,FamilyMart,FamilyMart,ファミリーマート,Q11247682,,ファミリーマート,FamilyMart,ファミリーマート,convenience,,,,,,,,,,,,,,,,,2025-01-31,,,,,,,,,,,,,,,,,,,,,,,,,,,,,,,,,,,,,,,,,,,,,,,,,,,,,,,,,,,,,,,,,,,,,,,,,,,,,,,,,,,,,,,,,,,,,,,,,,,,,,,,,,,,,,,,,,,,,,,,,,,,,,,,,,,,
node,12615165953,34.7008429,135.4946946,2025-02-24T06:16:19Z,1,162877251,taki3hira,1948193,,,,,,MIKIMOTO,,,jewelry,0,,,,,,,,,,,,,,,,,,,,,,,,,,,,,,,,,,,,,,,,,,,,,,,,,,,,,,,,,,,,,,,,,,,,,,,,,,,,,,,,,,,,,,,,,,,,,,,,,,,,,,,,,,,,,,,,,,,,,,,,,,,,,,,,,,,,,,,,,,,,,,,,,,,,
node,12655220501,34.7024501,135.4945661,2025-03-15T14:19:55Z,3,163652776,mueschel,616774,CIO,,,,,CIO Store,,,electronics,8,,Mo-Su 10:30-20:30,,https://connectinternationalone.co.jp/cio-store,yes,,,,,,,+81-6-6136-5770,,,,,,,,,,,,,,,,,,大阪市,,,,,,530-8558,,,,,,,,,,,,,,,,,,,,,,,,,,,,,,,,,,,,,,,,,,,,,,,,,,,,〒530-8558大阪府大阪市北区梅田3-1-3ルクアイール 9F,"9F, Lucua IRE, 3-1-3 Umeda, Kita-ku, Osaka City, Osaka Prefecture 530-8558, Japan",ciostore_umeda,https://page.line.me/644wgdcp,"Located in LUCUA 1100 (ルクア イーレ) 9F, within Osaka Station City North Gate Building.",2025-03-06 10:30,,,,,,,,,,,,,,,,,,,,,,,,,,,,,,,,,,,,,,,,,,,,,,,,,,,,,,,
node,12876707901,34.7034703,135.4964972,2025-05-31T19:19:01Z,2,167026019,kingughidora,22955515,,,,,,Mansion Kayser,,,bakery,,,,,,,,,,,,,,,,,,,,,,,,,,,,,,,,,,,,,,,,,,,,,,,,,,,,,,,,,,,,,,,,,,,,,,,,,,,,,,,,,,,,,,,,,,,,,,,,,,,,,,,,,,,,,,,,,,,,,,,,,,,,,,,,,,,,,,,,,,,,,,,,,,,,,
way,181049898,,,2016-04-04T13:11:02Z,3,38290726,yasunari,171028,,,,,,中宮 画廊,,,art,,,,"Bing,2011-4",,,,,,,,,,,,,,,,,,,,,,,,,,,,,,,,,,,,,,,,,,,,,,,,,,,,,,,,,,,,,,,,,,,,,,,,,,,,,,,,,,,,,,,,,,,1915020727,1915020728,1915020720,1915020718,1915020727,retail,,,,,,,,,,,,,,,,,,,,,,,,,,,,,,,,,,,,,,,,,,,,,,,,,
way,363682135,,,2024-10-03T13:06:47Z,5,157418406,Rakkka,4954428,,,,,,中央コンタクト,,,optician,0;1,,,,,no,,,,,,,06-6361-0727,,,,,,,,,,,,,,,,,,大阪市,31,角田町,7,,,,,,,,,,,,,,,,,,,,,,,,,,,,,,,,,,,,,,,,,,,,,,,,,,,,,,,,,,,,,3678381355,3678381356,3678381357,3678381358,12218696638,retail,3678381355,,,,,,,,,,,,,,,,,,,,,,,,,,,,,,,,,,,,,,,,,,,,,,,,
way,514359564,,,2023-12-03T23:28:18Z,2,144735454,okadatsuneo,10163840,,,,,,タムラ,,,sewing,,,,,,,,,,,,,,,,,,,,,,,,,,,,,,,,,,,,,,,,,,,,,,,,,,,,,,,,,,,,,,,,,,,,,,,,,,,,,,,,,,,,,,,,,,,,,ボタン店,,5025388235,5025388232,5025388233,5025388234,5025388235,retail,,,,,,,,,,,,,,,,,,,,,,,,,,,,,,,,,,,,,,,,,,,,,,,,,
way,588689750,,,2024-10-14T11:37:59Z,4,157872612,Rakkka,4954428,,,,,,ハービスPLAZA,HERBIS PLAZA,,mall,,,,,,,,,,,,,,,,,,,,,,,,,,,,,,,,,,,,,,,,,,,,,,,,,,,,,,,,,,,,,,,,,,,,,,,,,,,,,,,,,,,,,,,,,,,,,,,5306276246,5306276258,5306276257,5306276260,5306276259,,12250321006,12250321005,1740980792,4885165794,4885165798,4885165796,4885165797,5306276271,5306276272,4885165795,1740980790,1740980798,5306276269,5306276268,1740980760,1740980754,4575065479,1740980807,4575065478,1740980805,1740980803,4575065477,4575065476,5306276266,4575065470,5306276246,6,yes,,,,,,,,,,,,,,,,,,,,,
way,588689753,,,2024-09-09T00:51:43Z,6,156372954,Rakkka,4954428,,,,,,ハービスPLAZA ENT,HERBIS PLAZA ENT,,mall,,하비스 플라자,Mo-Su 11:00-20:00,,https://www.herbis.jp/,yes,,,,,,,,,,,,,,,,,,,,,,,,yes,,,,,,,,,,,,,,,,,,,,,,,,,,,,,,,,,,,,,,,,,,,,,,,,,,,,,,,,,,,,,,,,,1893125221,12162921449,12162921450,4885165811,5306276285,,4930281616,5306276273,4930281617,4930281618,4930281611,4930281619,4930281620,4930283821,4930283822,5306276286,5306276287,4930283823,5306276274,4885165803,12162921448,1740975370,1740975350,1740975368,1740975279,5306276289,12164626824,3254715452,1740975331,3254715451,1740975313,4885165807,7,yes,1893125221,,,,,,,,,,,,,,,,,,,,
way,1304559274,,,2024-07-30T02:19:47Z,1,154585772,Rakkka,4954428,,,,,,ドージマ地下センター,Dojima Underground Shopping Center,ドージマ地下センター,mall,,,,,,,,,,,,,,,,,,,,,,,,,,,,,,,,,,,,,,,,,,,,,,,,,,,,,,,,,,,,,,,,,,,,,,,,,,,,,,,,,,,,,,,,,,,,,,,12082099557,12082099556,12082099550,12082099555,12082099554,,12082099553,12082099552,12082099551,12082099557,,,,,,,,,,,,,,,,,,,,,,,,,,-1,,,,,,,,,,,,,,,,,,,
way,1304559275,,,2024-07-30T02:19:47Z,1,154585772,Rakkka,4954428,,,,,,ディアモール大阪,Diamor Osaka,ディアモール大阪,mall,,,,,https://www.diamor.jp/,,,,,,,,,,,,,,,,,,,,,,,,,,,,,,,,,,,,,,,,,,,,,,,,,,,,,,,,,,,,,,,,,,,,,,,,,,,,,,,,,,,,,,,,,,12082104496,12082104495,12082099560,12082104494,12082104493,,12082104492,12082104491,12082104490,12082104489,12082104488,12082104487,12082099558,12082104486,12082099559,12082104485,12082104484,12082104483,12082099566,12082104482,12082104481,12082104480,12082104479,12082099565,12082104478,12082099564,12082104477,12082104476,12082104475,12082099563,12082104474,12082104473,,,12082099562,-1,12082104472,12082104471,12082099567,12082104469,12082104470,12082099561,12082099568,12082104496,,,,,,,,,,,
way,1304559276,,,2024-09-27T12:02:30Z,3,157167701,Rakkka,4954428,,,,,,Whityうめだ,Whity Umeda,ホワイティうめだ,mall,-1,,,,https://whity.osaka-chikagai.jp/,,,,,,,,,,,,,,,,,,,,,,,,,,,,,,,,,,,,,,,,,,,,,,,,,,,,,,,,,,,,,,,,,,,,,,,,,,,,,,,,,,,,,,,,,,12082104544,12082104538,12082104543,12082104517,12082104518,,12082104542,12082104497,12082104515,12082104513,12082104500,12082104504,12082104502,12082104501,12082104503,12204907675,12204907674,12082104498,12082104505,12082104514,12082104512,12082104509,12082104508,12082104507,12082104511,12082104506,12082104510,12082104535,12082104534,12082104531,12082104528,12082104529,,,12082104530,-1,12082104523,12082104520,12082104522,12082104521,12082104519,12082104536,12082104525,12082104526,12082104524,12082104527,12082104533,12082104532,12082104537,12082104541,12082104540,12082104539,12082104516,12082104544,
way,1304559277,,,2024-09-18T04:46:36Z,2,156754645,Rakkka,4954428,,,,,,ekimo梅田,ekimo umeda,ekimo梅田,mall,-1,,,,http://www.ekimo.jp/umeda/,,,,,,,,,,,,,,,,,,,,,,,,,,,6,角田町,8,,,530-0017,,北区,,,,,,,,,,,,,,,,,,,,,,,,,,,,,,,,,,,,,,,,,,,,,,,,,,,,,,,,12082104548,12082104547,12082104546,12082104545,12082104548,,,,,,,,,,,,,,,,,,,,,,,,,,,,,,,-1,,,,,,,,,,,,,,,,,,,
way,1313244350,,,2025-05-14T20:15:26Z,3,166275596,Teuchi Soba Sobashiki,22664500,,,,,,Ishi-usubiki Nihachi Soba Sobashiki LUCUA Osaka,LUCUA 1100,Ishi-usubiki Nihachi Soba Sobashiki LUCUA Osaka,mall,-2;-1;0;1;2;3;4;5;6;7;8;9,,,,,yes,,,,,,,,Q11226222,ja:ルクア1100,,,,,,,,,,,,,,,yes,大阪市,"10F, LUCUA","Umeda, Kita-ku, Osaka-shi, Osaka 530-0001, Japan",3-1-3,,,530-0001,大阪府,北区,,,,,,yes,,,,,,,,,,,,,,,,,,,,,yes,,,,,,,,,,,,,,,,,,,,,,,,,,,,,12155411384,12155411383,12155411382,12155411381,12155411384,ishi-usubiki_nihachi_soba_sobashiki_lucua_osaka,,,,,,,,,,,,,,,,,,,,,,,,,,,,,,,,,,,,,,,,,,,,,,,,,梅田
way,1313244351,,,2024-09-04T13:11:05Z,1,156186213,Rakkka,4954428,,,,,,ルクア大阪,LUCUA osaka,ルクア大阪,mall,-2;-1;0;1;2;3;4;5;6;7;8;9,,,,,yes,,,,,,,+81 6 6151 1111,,,,,,,,,,,,,,,,,yes,,,,,,,,,,,,,,,yes,,,,,,,,,,,,,,,,,,,,,yes,,,,,,,,,,,,,,,,,,,,,,,,,,,,,12155411391,12155411390,12155411389,12155411388,12155411387,,12155411386,12155411385,12155411391,,,,,,,,,,,,,,,,,,,,,,,,,,,,,,,,,,,,,,,,,,,,,,
way,1313495257,,,2024-09-05T13:13:50Z,1,156230950,Rakkka,4954428,,,,,,エキマルシェ大阪,Eki Marche Osaka,,mall,0,,,,,yes,,,,,,,,,,,,,,,,,,,,,,,,yes,,,,,,,,,,,,,,,,,,,,,,,,,,,,,,,,,,,,,,,,,,,,,,,,,,,,,,,,,,,,,,,,,12157787193,12157787187,12157787192,12157787191,12157787189,,12157787188,12157787190,12157787193,,,,,,,,,,,,,,,,,,,,,,,,,,,,,,,,,,,,,,,,,,,,,,
way,1316299601,,,2024-09-18T04:46:36Z,1,156754645,Rakkka,4954428,,,,,,阪急サン広場地下通り,Hankyu SUN Plaza Underground Street,阪急サン広場地下通り,mall,-1,,,,,,,,,,,,,,,,,,,,,,,,,,,,,,,,,,,,,,,,,,,,,,,,,,,,,,,,,,,,,,,,,,,,,,,,,,,,,,,,,,,,,,,,,,,,,,12183308990,12183308989,12183308988,12183308986,12183308985,,12183308987,12183308990,,,,,,,,,,,,,,,,,,,,,,,,,,,,-1,,,,,,,,,,,,,,,,,,,
